name,business_type,state_registered,street_registered,city_registered,zip5_registered,state_physical,street_physical,city_physical,zip5_physical,filing_number,public,registered_zip_state_validation,physical_zip_state_validation
! ! ! APPLE IPAD & ANDROID TABLET TUTORING ! ! !,CORPORATION,CA,"10100 SANTA MONICA BLVD, #300",LOS ANGELES,90067,CA,"10100 SANTA MONICA BLVD, #300",LOS ANGELES,90067,C3110952,N,valid,valid
! ! 0 1 AGLC DUI AND DEFENSIVE DRIVING LLC,LLC,GA,"3235 SATELLITE BLVD, BLD 400 STE300",DULUTH,30032,GA,"3235 SATELLITE BLVD, BLD 400",DULUTH,30096,15094100,N,valid,valid
! ! 0 1 ATLANTA AREA DUI AND DRIVING SCHOOL LLC,LLC,GA,4493 ASHEILA CT,LILBURN,30047,GA,"3845 NORTH DRUID HLS RD, STE 106",DECATUR,30033,10078480,N,valid,valid
! 0 $294 1 DAY MT LLC,LLC,MT,,,59901,,,,,C267413,N,valid,missing
"! ACHIEVE SUCCESS, LLC",LLC,FL,100 NE 95 ST,MIAMI SHORES,33138,FL,100 NE 95 ST,MIAMI SHORES,33138,L09000025190,N,valid,valid
"! ACHIEVE SUCCESS, LLC.",LLC,FL,100 N HOWARD ST STE R,SPOKANE,99201,FL,100 NE 95TH ST,MIAMI SHORES,33138,603416731,N,invalid,valid
! ALPHA DUI - DEFENSIVE DRIVING LLC,LLC,GA,823 MARY ANN DR,MARIETTA,30068,GA,1533 HOWELL ML RD,ATLANTA,30318,21082859,N,valid,valid
"! BAIL BONDS, LLC",LLC,WV,216 N FAYETTE ST,BECKLEY,25801,WV,111 LEBANON LN,BECKLEY,25801,360556,N,valid,valid
"! DALEY REAL ESTATE, LLC",LLC,GA,2129 GRV PT RD,SAVANNAH,31419,GA,2129 GRV PT RD,SAVANNAH,31419,08046509,N,valid,valid
! XPP INC,CORPORATION,NY,18 FIRST ST,SYOSSET,11791,,,,,5269485,N,valid,missing
!! 0 $ INSTANT REGISTERED AGENT SERVICE LLC,LLC,MT,,,59901,,,,,C267414,N,valid,missing
"!!!@ ALL THINGS THROUGH LEARNING, INC.",CORPORATION,FL,,,,,139 E DURHAM ST,PHILADELPHIA,,3950892,,missing,missing
"!#1 HOST CANADA, LLC",LLC,OR,,,,FL,5335 GATE PKWY,JACKSONVILLE,32256,62834297,N,missing,valid
"!#1 HOST CHINA, LLC",LLC,OR,,,,FL,5335 GATE PKWY,JACKSONVILLE,32256,62837993,N,missing,valid
"!#1 HOST GERMANY, LLC",LLC,OR,,,,FL,5335 GATE PKWY,JACKSONVILLE,32256,62837399,N,missing,valid
"!#1 HOST JAPAN, LLC",LLC,OR,,,,FL,5335 GATE PKWY,JACKSONVILLE,32256,62838298,N,missing,valid
"!#1 HOST KOREA, LLC",LLC,OR,,,,FL,5335 GATE PKWY,JACKSONVILLE,32256,62833794,N,missing,valid
!1ST IN LINE BAIL BONDS LLC,LLC,FL,1609 N NOVA RD,HOLLY HILL,32117,FL,1609 N NOVA RD #K,HOLLY HILL,32117,L20000102453,N,valid,valid
!ARRIBA! LLC,LLC,MO,9510 EAST SEVILLE,PECULIAR,64078,,,,,LC1235595,,valid,missing
!ASP IT INC.,CORPORATION,NY,60 BROAD ST STE 3101,NEW YORK,10004,,,,,5551357,N,valid,missing
!B&D TREE--LANCERS! LLC,LLC,TX,,,,TX,9900 SPECTRUM DR,AUSTIN,78717,,N,missing,valid
"!B.A.M! SELF DEFENSE AND PERSONAL TRAINING, LLC",LLC,GA,4607 MDW AVE,SAVANNAH,31405,GA,4607 MDW AVE,SAVANNAH,31405,20144275,N,valid,valid
!CELEBRATE! . PLANNING . UNFORGETTABLE . PARTIES .,DBA,OH,,,,,,TOLEDO,,4022081,N,missing,missing
!CT'S BAIL BONDS CORP,CORPORATION,FL,1212 OLEN DR,HOLLY HILL,32117,FL,345 BEVILLE RD #108,DAYTONA,32119,P21000041715,N,valid,valid
!DREAM ON! LLC,CORPORATION,OH,,,,,,AUSTINTOWN,,1070426,N,missing,missing
!DREAM WEAVERS! LLC,CORPORATION,OH,,,,,,NORTHFIELD CENTER,,1070066,N,missing,missing
"!DREAM WEAVERS, AM-FM-TV! LLC",CORPORATION,OH,,,,,,NORTHFIELD CENTER,,1070065,N,missing,missing
!ELI'S COMPUTER REPAIR AND SERVICE LLC,LLC,IN,3034 UNDERWOOD CT,WHITELAND,46184,IN,3034 UNDERWOOD CT,WHITELAND,46184,202102241464903,N,valid,valid
!ELI'S COMPUTER REPAIR AND SERVICE LLP,LLC,IN,3034 UNDERWOOD CT,WHITELAND,46184,IN,3034 UNDERWOOD CT,WHITELAND,46184,202102241464903,N,valid,valid
"!EXEVIA URBAN VENTURES, LLC",LLC,GA,4549 REVENUE TRL,ELLENWOOD,30294,GA,4549 REVENUE TRL,ELLENWOOD,30294,18135246,N,valid,valid
"!FANTASTIC CLEANING, LLC",LLC,CO,2550 WINDING RVR DR K1,BROOMFIELD,80023,CO,2550 WINDING RVR DR K1 ATTN: B SABATKA,BROOMFIELD,80023,20101326096,N,valid,valid
"!FLAGS!, LLC",CORPORATION,OH,,,,,,CINCINNATI,,1069901,N,missing,missing
"!HAW~A~YAK~A~HSIA|, LLC",LLC,OR,,,,OR,1975 SE CRYSTAL LK DR UNIT 141,CORVALLIS,97333,155829691,N,missing,valid
"!HOLA HP!, LLC",LLC,TX,,,,TX,4429 HYER ST,DALLAS,75205,,N,missing,valid
"!HOLA! SCHOOL OF SPANISH LANGUAGE, LLC.",LLC,TX,,,,TX,19014 ALLVIEW LN,HOUSTON,77094,,N,missing,valid
"!JGG REAL ESTATE!, LLC",CORPORATION,OH,,,,,,NORTHFIELD CENTER,,1069996,N,missing,missing
!K7 RECORDS GMBH,CORPORATION,NY,HORST WEIDENMUELLER 55 WASHINGTON ST STE,BROOKLYN,11201,,HEIDESTR 52,BERLIN,10557,3281337,N,valid,missing
!KHARMASREVENGE! LLC,LLC,GA,742 PEEPLES ST SW,ATLANTA,30310,GA,742 PEEPLES ST SW,ATLANTA,30310,12050497,N,valid,valid
!KR! FOUNDATION INC.,NONPROFIT,GA,742 PEEPLES ST SW,ATLANTA,30310,GA,742 PEEPLES ST SW,ATLANTA,30310,13384219,N,valid,valid
"!LINKS!, LLC",CORPORATION,OH,,,,,,METAMORA,,1070064,N,missing,missing
!LYYV! ENTERTAINMENT LLC,LLC,WA,3023 E DIAMOND AVE,SPOKANE,99217,WA,5201 N MARKET ST BSMT,SPOKANE,99217,604431901,N,valid,valid
!MPACT CITY INC.,NONPROFIT,NC,3916 STRETTON AVE,FAYETTEVILLE,28306,NC,3916 STRETTON AVE,FAYETTEVILLE,28306,2057384,N,valid,valid
"!MPERFECTIONS, LLC",LLC,NY,143 EAST 63RD ST,NEW YORK,10022,,,,,2767192,N,valid,missing
!MUEVE! TO THE BEAT LLC,CORPORATION,OH,,,,,,BURTON,,2117148,N,missing,missing
"!NAEDOG INT'L, INC.",CORPORATION,CA,"22216 VICTORY BLVD, UNIT C 219",WOODLAND HILLS,91367,CA,"22216 VICTORY BLVD, UNIT C 219",WOODLAND HILLS,91367,C4236799,N,valid,valid
!NISH CLOTHING LLC,LLC,NY,99 ELMWOOD AVE,HEMPSTEAD,11550,,,,,5071492,N,valid,missing
!NSIGNIFICANT LLC,LLC,TX,,,,TX,4826 PEBBLE BLF LN,KATY,77449,,N,missing,valid
"!NSPIRED, LLC",LLC,MO,"600 WASHINGTON AVENUE, STE 2500",SAINT LOUIS,63101,,,,,LC1236724,,valid,missing
"!QCL SOLUTIONS, LLC",LLC,GA,805 HOLLY RDG,CANTON,30115,GA,805 HOLLY RDG,CANTON,30115,12074858,N,valid,valid
!RAREBARB LLC,LLC,NC,3510 STERLING MAGNOLIA CTN 205,CHARLOTTE,28211,,,,,2162953,N,valid,missing
"!READY?, LLC",LLC,NY,122 WESTBOURNE LN APT 1224,ITHACA,14850,,,,,2823270,N,valid,missing
!ST CHOICE HOME IMPROVEMENT,DBA,OH,,,,,,GROVEPORT,,4530059,N,missing,missing
!UNA MAS! INC,CORPORATION,NC,1337 EAST DIXIE DR STE D,ASHEBORO,27203,NC,1337 EAST DIXIE DR STE D,ASHEBORO,27203,2079973,N,valid,valid
"!WALKOBSERVATION, LLC",LLC,OR,,,,OR,3594 SE BENTLEY ST,HILLSBORO,97123,89308499,N,missing,valid
!WELLDONE PRODUCTION INC.,CORPORATION,CA,"1203 BEVERLY GRN DR, UNIT 1",BEVERLY HILLS,90212,CA,"1203 BEVERLY GRN DR, UNIT 1",BEVERLY HILLS,90212,C2690772,N,valid,valid
!XIMML! LLC,LLC,GA,3379 PEACHTREE RD NE,ATLANTA,30326,GA,3379 PEACHTREE RD NE,ATLANTA,30326,20089809,N,valid,valid
!XIMML! LLC,LLC,IN,"6101 NORTH KEYSTONE, 100 #1099",INDIANAPOLIS,46220,IN,"6101 NORTH KEYSTONE, 100 #1099",INDIANAPOLIS,46220,202103221473045,N,valid,valid
!YADEMAG LLC,LLC,FL,15209 KESTRELRISE DR,LITHIA,33547,FL,15209 KESTRELRISE DR,LITHIA,33547,L20000103378,N,valid,valid
""" ""E"" TEA DISTRIBUTORS, LLC""",LLC,NY,ATTN: A R SAMI 309 WEST 136 ST,NEW YORK,10030,,,,,3688831,N,valid,missing
""" #1ST FAMILY CARE "" LLC",LLC,WA,7116 63RD PL NE,MARYSVILLE,98270,WA,7116 63RD PL NE,MARYSVILLE,98270,604541944,N,valid,valid
""" 16"" ENTERPRISES, INC.",CORPORATION,NY,40 EXCHANGE PL,NEW YORK,10005,,,,,144144,N,valid,missing
""" 21"" BRANDS, INC.",CORPORATION,NY,28 LIBERTY ST,NEW YORK,10005,,,,,45912,N,valid,missing
""" 300"" BLOCK ASSOCIATION OF WEST 139TH STREET, INC.",NONPROFIT,NY,312 WEST 139 ST,NEW YORK,10030,,,,,820973,N,valid,missing
""" 575"" & COMPANY INC.",CORPORATION,NY,1650 SYCAMORE AVE STE 15,BOHEMIA,11716,NY,1650 SYCAMORE AVE STE 15,BOHEMIA,11716,1404604,N,valid,valid
""" A ROOM WITH A VIEW OF LIMA, LLC""",CORPORATION,OH,,,,,,KIRTLAND,,1194217,N,missing,missing
""" A WORD OF COMFORT MINISTRIES""",NONPROFIT,CT,,,,,,,,1031075,N,missing,missing
""" A"" BATTERY NCO CLUB, INC.",NONPROFIT,NY,"AFFAIRS, LEGAL OFC PUBLIC SEC BLDG",STATE CAMPUS,12226,,,,,1013309,N,valid,missing
""" ALL TILE COMPANY """,CORPORATION,IN,5431 N ARLINGTON AVE,INDIANAPOLIS,46226,IN,"9465 COUNSELORS ROW, STE 200",INDIANAPOLIS,46240,2002122700173,N,valid,valid
""" ALMAZ"" JEWELRY & FINE ANTIQUES CORP.",CORPORATION,NY,211-19 26 AVE,BAYSIDE,11360,NY,211-19 26 AVE,BAYSIDE,11360,819971,N,valid,valid
""" ALWAY'S STRAPPED """,CORPORATION,PA,231 SPRUCE ST,CANONSBURG,,,231 SPRUCE ST,CANONSBURG,,3963750,,missing,missing
""" AMIGOS"" T.C.S. & PERMITS, LLC",LLC,FL,1695 S FLORIDA MANGO RD,WEST PALM BEACH,33406,FL,1695 S FLORIDA MANGO RD STE #3,WEST PALM BEACH,33406,L17000089173,N,valid,valid
""" AN ANGELS TOUCH PERSONAL CARE LLC """,LLC,MO,1212 NE GRN ST,LEES SUMMIT,64086,,,,,LC001497296,,valid,missing
""" ATELIER DE SERIGRAPHIE EL"" ART COMMERCIAL, LTD.",CORPORATION,NY,138 SPG ST,NEW YORK,10012,,,,,1346676,N,valid,missing
""" AZAN' INTERNATIONAL INC.",NONPROFIT,NY,2227 PITKIN AVE,BROOKLYN,11207,,,,,1266064,N,valid,missing
""" BABE RUTH"" HOME RUN CONFECTION CORP",CORPORATION,NY,110 WILLIAM ST,NEW YORK,10038,,,,,4365,N,valid,missing
""" BIG ONE TRANSPORTATION LLC""",LLC,CT,,,,CT,187 MARGARET CIR,NAUGATUCK,06770,1318270,N,missing,valid
""" BLESSED "" AFH LLC",LLC,WA,1920 143RD PL SW,LYNNWOOD,98087,WA,1920 143RD PL SW,LYNNWOOD,98087,604578325,N,valid,valid
""" BUBBLES"" 1926 ROAD HOUSE, INC.",CORPORATION,NY,RTE 303,BLAUVELT,10913,,,,,398612,N,valid,missing
""" C AND H APPLIANCES SALES & SERVICES """,CORPORATION,PA,,,,,757 ST JOHN ST,ALLENTOWN,,2109989,,missing,missing
""" C M SEWING MACHINE COMPANY """,CORPORATION,PA,,,,,627 LARCH ST,DUNMORE,,2109875,,missing,missing
""" C"" CLUB INC.",NONPROFIT,NY,PUB SECURITY BLDG #22,STATE CAMPUS,12226,,,,,1052778,N,valid,missing
""" CAMPUS CAKES """,CORPORATION,PA,,,,,,,,2111521,,missing,missing
""" CARING LOVE "" AFH LLC",LLC,WA,4010 192ND ST SW,LYNNWOOD,98036,WA,4010 192ND ST SW,LYNNWOOD,98036,604616362,N,valid,valid
""" CHARLES ENGELHARDINC.""",CORPORATION,NY,30 CHURCH ST,NEW YORK,10007,,,,,4145,N,valid,missing
""" COSMOPOLITAN SHIPPING COMPANY, INC.""",CORPORATION,NY,42 BROADWAY,NEW YORK,,,,,,3561,N,missing,missing
""" CREDIT MEDICS """,CORPORATION,PA,6632 TACKAWANNA ST,PHILADELPHIA,,,7114 RISING SUN AVE,PHILADELPHIA,,4210806,,missing,missing
""" CROWDFLUTTR "" OR "" CROWDFLUTTR LLC """,LLC,PA,,,,,2100 WALNUT ST 10-E,PHILADELPHIA,,4321766,,missing,missing
""" D "" HANDYMAN INC",CORPORATION,FL,2018 NW 38TH TER,LAUDERDALE LAKES,33311,FL,2018 NW 38TH TER,LAUDERDALE LAKES,33311,P13000053033,N,valid,valid
""" DANNY LOVES THE KIDS"" INC.",NONPROFIT,FL,8240 SW 45TH ST,MIAMI,33155,FL,8240 SW 45 TH ST,MIAMI,33155,N20000010132,N,valid,valid
""" DIACON, INC. """,CORPORATION,OH,,,,OH,,HAMILTON,,669801,N,missing,missing
""" DOM POLSKI TRANSFER CO., INC.""",CORPORATION,NY,20 GREENWICH ST,NEW YORK,10004,,,,,3377,N,valid,missing
""" DOMINION TOBACCO COMPANY OF U. S. A.""",CORPORATION,NY,70 WASHINGTON ST,BROOKLYN,11201,,,,,3382,N,valid,missing
""" E.J. THE D.J., INC.""",CORPORATION,NY,60 BRG RD,ISLANDIA,11749,NY,60 BRG RD,ISLANDIA,11749,1034592,N,valid,valid
""" EL ORIGINAL "" READING LATIN JEEP CLUB",NONPROFIT,PA,1319 CHURCH ST,READING,,,550 NORTH 12TH ST,READING,,4000845,,missing,missing
""" EVVY"" CULTURAL INTERCHANGE, INC",NONPROFIT,NY,251 EAST 29TH ST LBBY B,BROOKLYN,11226,,,,,871650,N,valid,missing
""" EZ "" DRIVING SCHOOL LLC",LLC,FL,60 NE 14TH ST,MIAMI,33132,FL,60 NE 14TH ST 2305,MIAMI,33132,L21000212163,N,valid,valid
""" FOR ARTSAKE"" DANCERS, INC.",NONPROFIT,NY,400 LAFAYETTE ST,NEW YORK,10003,,,,,778730,N,valid,missing
""" FRESHTOOTHETEE "" DREADS , BRAIDS , & MORE LLC",CORPORATION,OH,,,,,,CINCINNATI,,4592121,N,missing,missing
""" G "" TRUCKING LLC",LLC,MS,,,,,575 SMITH AVE RD,,,1043053,N,missing,missing
""" H """,CORPORATION,PA,,,,,2061-63 CHELTEN AVE,PHILADELPHIA,,2238879,,missing,missing
""" HAIR BELOW""",CORPORATION,PA,624 RED FOX LN,EASTON,,,624 RED FOX LN,EASTON,,4069506,,missing,missing
""" HALL'S PUMP & WELL, INC.""",CORPORATION,FL,904 NW MAIN BLVD,LAKE CITY,32055,FL,904 NW MAIN BLVD,LAKE CITY,32055,P98000049390,N,valid,valid
""" HOPE & HARMONY "" AFH LLC",LLC,WA,2423 123RD ST SE,EVERETT,98208,WA,PO BOX 257,OLYMPIA,98507,604581220,N,valid,valid
""" I CAN FIX THAT ' HANDYMAN SERVICES, LLC",LLC,WV,7676 SOUTH CALHOUN HWY,MOUNT ZION,26151,WV,7676 SOUTH CALHOUN HWY,MOUNT ZION,26151,470716,N,valid,valid
""" ICY GIRL, LLC """,LLC,NY,2929 LACONIA AVE,BRONX,10469,,,,,5412906,N,valid,missing
""" IT'S ALL ABOUT UR TIME """,CORPORATION,PA,PO BOX 746,HAMLIN,,,1121 TRESSLERVILLE RD,LAKE ARIEL,,3831911,,missing,missing
""" J'EAT ?""",DBA,OH,,,,,,CINCINNATI,,4715441,N,missing,missing
""" JESUS IN THE BLESSED SACRAMENT"" PADRE PIO PRAYER GROUP, INC.",NONPROFIT,NY,1758-72ND ST,BROOKLYN,11204,,,,,900988,N,valid,missing
""" JUST"" HARRIET, INC.",CORPORATION,NY,8604 23RD AVE,BROOKLYN,11214,,,,,254805,N,valid,missing
""" K N M 'S ENTERPRISE LLC """,CORPORATION,OH,,,,,,CANTON,,4722898,N,missing,missing
""" K"" LINE AMERICA, INC.",CORPORATION,VA,4860 COX RD STE 300,GLEN ALLEN,23060,VA,4860 COX RD STE 300,GLEN ALLEN,23060,1437849,N,valid,valid
""" KADMOS"" SHIPPING - TOURISTIC - HOTEL - TRANSPORTATION ENTERPRISES S.A.",CORPORATION,NY,"ERPRISES 1650 BROADWAY, STE 806",NEW YORK,10019,,,,,389467,N,valid,missing
""" LA PEQUENA CARNICERIA"" CORP.",CORPORATION,NY,400 FIFTH AVE,BROOKLYN,11215,,,,,1092856,N,valid,missing
""" LAMBERT HOISTING ENGINE COMPANY""",CORPORATION,NY,30 CHURCH ST RM 519,NEW YORK,10007,,,,,4186,N,valid,missing
""" LAUGHING SPIRIT"" STUDIO",CORPORATION,PA,,,,,622 GRV ST,GREENSBURG,15601,3337135,,missing,missing
""" LIL PLAYHOUSE"" DAYCARE",DBA,OH,,,,,,VAN WERT,,1291514,N,missing,missing
""" LISTEN HERE"": A CABLE TV SHOW INC.",CORPORATION,NY,120-39 198TH ST,SAINT ALBANS,11412,,,,,1254164,N,valid,missing
""" M"" PRODUCTIONS, INC.",CORPORATION,NY,477 MADISON AVE,NEW YORK,10022,,,,,326134,N,valid,missing
""" MANDY THE BEECHARMER "" LLC.",LLC,PA,,,,,793 RTE 314,SWIFTWATER,,4325936,,missing,missing
""" MANGOS"" LIGHTHOUSE INC.",CORPORATION,NY,39-61 61ST ST,WOODSIDE,11377,NY,61-15 43RD AVE 2D,WOODSIDE,11377,3378330,N,valid,valid
""" MBCS COMPANY, LLC """,LLC,FL,8205 SANDPIPER WY,WEST PALM BEACH,33412,FL,855 MARINA DEL RAY LN,WEST PALM BEACH,33401,L17000077243,N,valid,valid
""" MEAT WORLD"" TOMASELLI & SON, INC.",CORPORATION,NY,75 SPIRAL RD,HOLTSVILLE,11742,,,,,350895,N,valid,missing
""" MEMORIES IN MELODY"" ENTERPRISES, INC.",CORPORATION,NY,17 ORCH RD,EAST PATCHOGUE,11772,NY,17 ORCH RD,EAST PATCHOGUE,11772,794829,N,valid,valid
""" MENA BUENO GROUP. LLC"".",LLC,PA,,,,,105 ALISON RD APT A-4,HORSHAM,,4321760,,missing,missing
""" MN ENDO LLC.""",LLC,FL,3736 NW 129TH DR,GAINESVILLE,32606,FL,3736 NW 129TH DR,GAINESVILLE,32606,L18000210820,N,valid,valid
""" MY CHURCH "" J INC.",NONPROFIT,GA,179 SOUTH ST,CUTHBERT,39840,GA,179 SOUTH ST,CUTHBERT,39840,21156072,N,valid,valid
""" MY SOFTBALL TRAINING """,CORPORATION,PA,662 DITZ DR,MANHEIM,,,662 DITZ DR,MANHEIM,,3949785,,missing,missing
""" OUR FALLEN HOMELESS HEROES ""- CALIFORNIA",CORPORATION,CA,"8726 S SEPULVEDA BLVD, BLDG D STE 5227",LOS ANGELES,90045,CA,"8726 S SEPULVEDA BLVD, BLDG D STE 5227",LOS ANGELES,90045,C4736919,N,valid,valid
""" OVER-THE-HILL""FARM, INC.",CORPORATION,NY,OLD PUTNAM LK RD,BREWSTER,10509,NY,"OLD PUTNAM LK ROAD, RD #3",BREWSTER,10509,1241760,N,valid,valid
""" PANAGIA SOUMELA"" PONTION AMERIKIS",NONPROFIT,NY,228 8TH AVE,NEW YORK,10011,,,,,835972,N,valid,missing
""" PESTERA "" - ROMANIAN MINORITY CLUB, INC.",NONPROFIT,NY,48-04 43RD AVE,SUNNYSIDE,11104,,,,,1782391,N,valid,missing
""" PIRATES TRUCKING LLC """,CORPORATION,OH,,,,,,DOYLESTOWN,,4291823,N,missing,missing
""" PITSTOP "" AUTO REPAIR & SERVICES",LLC,CO,1647 HWY 91,LEADVILLE,80461,CO,1647 HWY 91,LEADVILLE,80461,20201770290,N,valid,valid
""" POINT AFTER"" ENTERPRISES, INC.",CORPORATION,NY,1549 CENTRAL AVE,ALBANY,12205,,,,,352728,N,valid,missing
""" RED SQUARE PAINTING & DESIGN "", ""LLC""",LLC,FL,93 SILVER OAKS CIR,NAPLES,34119,FL,93 SILVER OAKS CIR #3102,NAPLES,34119,L07000078689,N,valid,valid
""" RIPEN WITH US"" CHILD CARE CENTER, INC.",NONPROFIT,NY,786 KENMORE AVE,BUFFALO,14216,,,,,470551,N,valid,missing
""" RSK HOLDINGS LLC",LLC,PA,,,,,701 RT 309,DALLAS,18612,3334663,,missing,missing
""" SALON DE PARIE """,CORPORATION,PA,,,,,1900 E STATE ST,SHARON,,2469459,,missing,missing
""" SCREENPLAYS PRODUCTIONS, INC.""",CORPORATION,NY,GOTHAM NAT'L BK BLDG,NEW YORK,,,,,,4016,N,missing,missing
""" SPECIAL INTERNATIONAL SUPPLIERS CORP.""",CORPORATION,FL,11030 SW 128 ST,MIAMI,33176,FL,11030 SW 128 ST,MIAMI,33176,P05000111060,N,valid,valid
""" TALLER YUMURI MACHINE SHOP INC. """,CORPORATION,FL,10441 NW 133RD ST,HIALEAH GARDEN,33018,FL,3890 NW 132ND ST BAY I,OPA LOCKA,33054,P06000048781,N,valid,valid
""" TELEX"" RUSSIAN EDUCATIONAL BOOKS, INC.",NONPROFIT,NY,"BOOKS, INC 350 WEST 31 ST",NEW YORK,10001,,,,,875502,N,valid,missing
""" THE LOCK BOX LADY """,DBA,OH,,,,,,WILLOUGHBY,,4647473,N,missing,missing
""" THE PHARMACIST LLC """,LLC,MO,9737 PERCH DR,SAINT LOUIS,63136,,,,,LC001657628,,valid,missing
""" TOP QUALITY CLUB LLC """,CORPORATION,OH,,,,,,LORAIN,,4741142,N,missing,missing
""" TRENDZ OF TIME "" HAIR DESIGNS BY PAM",CORPORATION,PA,120 WEST CHURCH ST / PO BOX 107,CENTRE HALL,,,101 EAST POTTER ST PO BOX 107,CENTRE HALL,,4085656,,missing,missing
""" VINE CAFE""",CORPORATION,PA,180 CTR ST,CARBONDALE,,,431 LACKAWANNA AVE,SCRANTON,,4329715,,missing,missing
""" VITEC CONSULTING GROUP, INC.""",CORPORATION,FL,7207 NW 76TH CT,TAMARAC,33321,FL,4620 W COMMERCIAL BLVD,TAMARAC,33319,P05000011699,N,valid,valid
""" WE THE PEOPLE"" ARMORY LLC",LLC,WA,563 SHANKLIN RD,ONALASKA,98570,WA,563 SHANKLIN RD,ONALASKA,98570,604522625,N,valid,valid
""" WELDONE"" FAMILY LAUNDRY, INC",CORPORATION,NY,1152 TAYLOR AVE,UTICA,13501,,,,,11464,N,valid,missing
""" WITNESS IN WRITING "" MINISTRY CORP",NONPROFIT,IN,"7399 N SHADELAND AVE #260, STE 260",INDIANAPOLIS,46250,IN,"7399 N SHADELAND AVE, STE #260",INDIANAPOLIS,46250,2001053000796,N,valid,valid
""" YOUR"" TELEPHONE SERVICE, INC.",CORPORATION,NY,1881 BRUCE LN,GRAND ISLAND,14072,NY,1881 BRUCE LN,GRAND ISLAND,14072,886173,N,valid,valid
""" Z"" CAR RENTING AGENCY., INC.",CORPORATION,NY,22-74 31ST AVE,ASTORIA,11106,,,,,374592,N,valid,missing
""""" THE ROOFER DIRECT """" LLC",LLC,GA,"300 COLONIAL CTR PARKWAY, STE 100N",ROSWELL,30076,GA,102 TALL PNES DR,JACKSON,30233,09032411,N,valid,valid
"""""KUZZINS"""" BAR AND LOUNGE LLC",LLC,GA,105 HEMLOCK ST,SUMMERVILLE,30747,GA,220 BRIARWOOD CIR,SUMMERVILLE,30747,12023107,N,valid,valid
"""""THE ROOFER DIRECT"""" LLC",LLC,IN,"117 BROADWAY, STE 100, CHESTERTON, IN 46304",CHESTERTON,46304,GA,102 TALL PNES DR,JACKSON,30233,2012073100592,N,valid,valid
"""#1 CLEANING"", LLC",LLC,FL,3440 W HOLLYWOOD BLVD STE 415,HOLLYWOOD,33021,FL,5228 COLLINS DR,PANAMA CITY,32404,L17000009942,N,valid,valid
"""(HOLY TRINITY) PARISH OF THE ORTHODOX CHURCH IN AMERICA""",NONPROFIT,OH,,,,OH,,PARMA,,324443,N,missing,missing
"""... IN THE AIR"" CANDLE CO., LTD.",CORPORATION,OH,,,,,,POWELL,,4664355,N,missing,missing
"""1"" SMART TRAVELER VENDING, INC.",CORPORATION,FL,820 SW TULIP BLVD,PORT SAINT LUCIE,34953,FL,820 SW TULIP BLVD,PORT SAINT LUCIE,34953,P96000079505,N,valid,valid
"""10-10"" EXPRESS TOW & AUTO RECYCLE LIMITED",CORPORATION,OR,,,,OR,PO BOX 6224 15855 HWY 101 SOUTH,BROOKINGS,97415,51853894,N,missing,valid
"""1040 BOOKKEEPING STORE""",LLC,IN,5901 E 38TH ST,INDIANAPOLIS,46218,IN,5901 E 38TH ST,INDIANAPOLIS,46218,2011071100179,N,valid,valid
"""1040TAXSTORE""",LLC,IN,5901 E 38TH ST,INDIANAPOLIS,46218,IN,5901 E 38TH ST,INDIANAPOLIS,46218,2011071100179,N,valid,valid
"""11744-11796 WESTLINE INDUSTRIAL CONDOMINIUM, LLC""",LLC,MO,"10 S BRENTWOOD BLVD, STE 200",SAINT LOUIS,63105,,,,,LC0671089,,valid,missing
"""118 SHELLFISH""",CORPORATION,PA,,,,PA,RR #3 BOX 145,HUNLOCK CREEK,,2097502,,missing,missing
"""124 WEST TOWN STREET LLC""",LLC,CT,,,,CT,124 WEST TOWN ST,NORWICH,06360,741005,N,missing,valid
"""161803"" INC.",CORPORATION,NY,"151 FIRST AVE, STE #2",NEW YORK,10003,NY,151 FIRST AVE 2,NEW YORK,10003,3087093,N,valid,valid
"""18 MAI"" COMMITTEE, INC.",NONPROFIT,NY,658 PARK PL,BROOKLYN,11216,,,,,2120403,N,valid,missing
"""1804 SECURITY SERVICES"" INC",CORPORATION,NY,52 CEDAR ST,CENTRAL ISLIP,11722,,,,,5469797,N,valid,missing
"""1953"" CUYAHOGA FRIENDS OF CORRECTIONS",DBA,OH,,,,,,WADSWORTH,,4531489,N,missing,missing
"""1984""",CORPORATION,PA,,,,,,,,2351239,,missing,missing
"""1ST PLACE"" HOME AND DAY SERVICES, LLC",CORPORATION,OH,,,,,,COLUMBUS,,4034138,N,missing,missing
"""1ST"" LEAD PAINT, ASBESTOS AND MOLD ABATEMENT, INC.",CORPORATION,NY,140-21 BASCOM AVE,SOUTH OZONE PARK,11436,,,,,5892622,N,valid,missing
"""1ST"" LEGACY SENIOR CARE HOME II INC",CORPORATION,WA,4308 ELWOOD DR W,UNIVERSITY PLACE,98466,WA,4308 ELWOOD DR W,UNIVERSITY PLACE,98466,604747123,N,valid,valid
"""2 ITALIAN GUYS"" LLC",LLC,CT,,,,CT,44 NORTON AVE,GUILFORD,06437,993938,N,missing,valid
"""2 OR 3 GATHERED TOGETHER""",NONPROFIT,NY,18 TURNER PL,BROOKLYN,11218,,,,,1819289,N,valid,missing
"""2"" S. B.W. & ASSOCIATES INC.",CORPORATION,FL,155 US HWY 27 SOUTH,SOUTH BAY,33493,FL,155 US HWY 27 SOUTH,SOUTH BAY,33493,P99000051519,N,valid,valid
"""2""? TWO PRODUCTIONS,LLC",LLC,FL,511 UPTAIN RD,QUINCY,32352,FL,511 UPTAIN RD,QUINCY,32352,L19000243759,N,valid,valid
"""20 MINUTES TO FITNESS, LLC.""",LLC,MO,130 S BEMISTON STE 101,CLAYTON,63105,,,,,LC0071336,,valid,missing
"""2000"" JAY TRUCKING CORP.",CORPORATION,NY,39-06 64 ST,BROOKHAVEN,11377,,,,,1887475,N,valid,missing
"""21 BELOW LTD""",CORPORATION,OH,,,,,,PATASKALA,,2025135,N,missing,missing
"""21"" CLUB",CORPORATION,WA,21615 SE 272ND LN,MAPLE VALLEY,98038,WA,21615 SE 272ND LN,MAPLE VALLEY,98038,601622978,N,valid,valid
"""22"" SCOOTER & CAMPER SALES",CORPORATION,PA,,,,,3967 WILLIAM PENN HWY,MURRYSVILLE,,2507385,,missing,missing
"""2637"" LLC.",LLC,FL,2144 LINCOLN ST,HOLLYWOOD,33020,FL,640 SEA TURTLE WY,PLANTATION,33324,L05000059910,N,valid,valid
"""2851"" LLC.",LLC,FL,2144 LINCOLN ST,HOLLYWOOD,33020,FL,640 SEA TURTLE WY,PLANTATION,33324,L05000059919,N,valid,valid
"""29 UNIFORM, INC.""",CORPORATION,FL,170 NW SPANISH RVR BLVD,BOCA RATON,33431,FL,170 NW SPANISH RVR BLVD STE 101,BOCA RATON,33431,F00000007132,N,valid,valid
"""2MT TRUCKING, LLC.""",LLC,MT,,,59353,,,,,C168950,N,valid,missing
"""2ND"" CHANCE, INC.",NONPROFIT,AL,,ANNISTON,,,,,,065-610,N,missing,missing
"""3"" K FARMS INC",CORPORATION,IN,4422 N 400 E,GREENFIELD,46140,IN,4207 N 400 E,GREENFIELD,46140,198101-770,N,valid,valid
"""3"" RIVERS POTATO SERVICES, INC.",CORPORATION,WA,1911 SELPH LNDG RD,PASCO,99301,WA,1911 SELPH LNDG RD,PASCO,99301,600305075,N,valid,valid
"""3"" RIVERS, INC.",CORPORATION,FL,4345 JACKSON VW DR,TALLAHASSEE,32303,FL,4345 JACKSON VW DR,TALLAHASSEE,32303,444491,N,valid,valid
"""3/21"" TRUCKING INC.",CORPORATION,CA,"3303 S ARCHIBALD AVE, APT 253",ONTARIO,91761,CA,"3303 S ARCHIBALD AVE, APT 253",ONTARIO,91761,C4673450,N,valid,valid
"""30/30 PROPERTIES LP""",PARTNERSHIP,IN,"1280 S WILLIAMS DRIVE, PO BOX 169",COLUMBIA CITY,46725,IN,"1280 S WILLIAMS DRIVE, PO BOX 169",COLUMBIA CITY,46725,LP94040029,N,valid,valid
"""303"" CUSTOM RENOVATIONS LLC",LLC,CO,5123 S OURAY CT,CENTENNIAL,80015,CO,5123 S OURAY CT,CENTENNIAL,80015,20151073599,N,valid,valid
"""33"" ESTATES, LLC",CORPORATION,OH,,,,,,HINCKLEY,,1407213,N,missing,missing
"""3D MACHINING AND FABRICATION""",DBA,OH,,,,,,LITHOPOLIS,,1300568,N,missing,missing
"""3RD FRIDAY DANCE""",CORPORATION,WA,936 DANIELS DR,FIRCREST,98466,WA,936 DANIELS DR,FIRCREST,98466,604445263,N,valid,valid
"""47"" ALUMNI ASSOCIATION OF THE DEAF, INC.",NONPROFIT,NY,225 EAST 23RD ST RM 128,NEW YORK,10010,,,,,2048973,N,valid,missing
"""47"" JUNIOR JENK'S. LIMITED",CORPORATION,OH,,,,,,CLEVELAND,,4679535,N,missing,missing
"""49TH PARALLEL ENTERPRISES LLC""",LLC,MT,,,59919,MT,159 8TH ST WEST,HUNGRY HORSE,59919,C271980,N,valid,valid
"""4CS"" CLEANING SERVICE ""LLC""",LLC,FL,1001 GRN PNE BLVD,WEST PALM BEACH,33409,FL,1001 GRN PNE BLVD,WEST PALM BEACH,33409,L14000092499,N,valid,valid
"""4J CONSULTING, INC.""",CORPORATION,MT,1308 S 2ND ST W,BAKER,,,3614 HWY 7,NORTH BAKER,,D224215,,missing,missing
"""4J CONSULTING, INC.""",CORPORATION,MT,,,59313,MT,3614 HWY 7 NORTH,BAKER,59313,D224215,N,valid,valid
"""5 FIVE SHORE LOUNGE"" LTD",CORPORATION,OH,,,,,,CLEVELAND,,4674711,N,missing,missing
"""500 RANGELINE ROAD, LLC""",LLC,IN,"8888 KEYSTONE CROSSING, STE 800",INDIANAPOLIS,46240,IN,"C/O JEFFREY A ADAMS, 8888 KEYSTONE XING BLVD, STE 800",INDIANAPOLIS,46240,2006102700499,N,valid,valid
"""57"" THE CHIC BOUTIQUE, LLC.",LLC,CT,,,,CT,57 BANK ST,NEW MILFORD,06776,714545,N,missing,valid
"""5TH AVENUE SOUTH REALTY"", ""LLC.""",LLC,FL,1088 WISCONSIN DR,NAPLES,34103,FL,1088 WISCONSIN DR,NAPLES,34103,L16000212216,N,valid,valid
"""61-05 32ND AVE, CORP.""",CORPORATION,NY,61-05 32ND AVE,WOODSIDE,11377,NY,61-05 32ND AVE,WOODSIDE,11377,3511319,N,valid,valid
"""7 SEAS"" SEAFOOD MARKET LLC",LLC,FL,29134 SW 134 PATH,HOMESTEAD,33033,FL,29134 SW 134 PATH,HOMESTEAD,33033,L16000047860,N,valid,valid
"""7"" C'S LAUNDROMAT CORP.",CORPORATION,NY,350 COMMACK RD,COMMACK,11725,,,,,445952,N,valid,missing
"""71"" VETERANS NEVER LEFT BEHIND INC",NONPROFIT,GA,2230 CAIN CMNS DR,DACULA,30019,GA,2230 CAIN CMNS DR,DACULA,30019,20049235,N,valid,valid
"""721, LLC""",LLC,FL,183 NE 110 ST,MIAMI SHORES,33161,FL,183 NE 110 ST,MIAMI SHORES,33161,L09000110460,N,valid,valid
"""74"" CLUB, LLC.",CORPORATION,OH,,,,,,SAINT HENRY,,1466686,N,missing,missing
"""76"" ARMS & AMMO, LLC",LLC,NY,213 CHURCH ST ER,RANDOLPH,14772,,,,,5111590,N,valid,missing
"""850"" FENCING & REMODEL LLC",LLC,FL,2007 PRICHARD ST,PANAMA CITY,32405,FL,2007 PRITCHARD ST,PANAMA CITY,32405,L18000274711,N,valid,valid
"""9 IRISH BROTHERS - WEST SIDE""",LLC,IN,2008 S 250 W,WESTPOINT,47992,IN,2008 S 250 W,WESTPOINT,47992,2005072100358,N,valid,valid
"""9 IRISH BROTHERS EAST""",LLC,IN,2008 S 250 W,WESTPOINT,47992,IN,2008 S 850 W,WESTPOINT,47992,2008082500402,N,valid,valid
"""9 IRISH BROTHERS""",LLC,IN,2008 S 250 W,WESTPOINT,47992,IN,2008 S 850 W,WESTPOINT,47992,2008082500402,N,valid,valid
"""9"" ALIVE",CORPORATION,PA,,,,PA,500 BEAR VLY AVE APT 3,SHAMOKIN,,2354973,,missing,missing
"""93"" AUTO SALES, INC.",CORPORATION,OH,,,,OH,,WELLSTON,,1010117,N,missing,missing
"""@6"" @DOPTION @ND @WARENESS @GAINST @NIMAL @BUSE, INC.",NONPROFIT,PA,,,,,549 GRN GRV RD,SCOTT TOWNSHIP,,3994792,,missing,missing
"""A & T CONSTRUCTION AND REMODELING LLC""",LLC,FL,328 COX RD,SANTA ROSA BEACH,32459,FL,328 COX RD,SANTA ROSA BEACH,32459,L20000086224,N,valid,valid
"""A 'NEW'-NEW BEGINNING"", INC.",NONPROFIT,NY,1272 BLAKE AVE,BROOKLYN,11208,,,,,1841065,N,valid,missing
"""A 1"" ABOVE PROPERTIES, LLC",LLC,FL,19441 NW 1ST PL,MIAMI,33169,FL,828 NW 96TH ST,MIAMI,33150,L16000199176,N,valid,valid
"""A AND A"" INSURANCE AGENCY, INC.",CORPORATION,GA,5052 AUDLEY LN,PEACHTREE CORNERS,30092,GA,5052 AUDLEY LN,NORCROSS,30092,K806301,N,valid,valid
"""A BETTER LIFE"" THROUGH PSYCHOLOGICQAL SERVICES P.C.",CORPORATION,NY,6165 JERICHO TPKE,COMMACK,11725,,,,,1233644,N,valid,missing
"""A BODY OF WISDOM"" NATURAL FAMILY MEDICINE, LLC",LLC,OR,,,,OR,119 NE 3RD ST,GRESHAM,97030,31929292,N,missing,valid
"""A CALMING TOUCH"", LLC",LLC,CT,,,,CT,945 QUEEN ST,SOUTHINGTON,06489,1140761,N,missing,valid
"""A CHANGED LIFE"" HOLISTIC HEALING AND LIFE GUIDANCE INC.",CORPORATION,NY,1057 E 214 ST,BRONX,10469,,,,,4686759,N,valid,missing
"""A CHILD LIVES""",NONPROFIT,OH,,,,OH,,DUBLIN,,1954207,N,missing,missing
"""A COMMUNITY OF FAITH """,NONPROFIT,OR,,,,OR,1305 5TH ST,SPRINGFIELD,97477,5765912,N,missing,valid
"""A COMPANY CALLED"" CULTURE, LLC",LLC,NY,620 LENOX AVE #1S,NEW YORK,10037,,,,,5149616,N,valid,missing
"""A CRAFTER'S TOUCH LLC""",LLC,FL,691 BLUEFIELDS ST SE,PALM BAY,32909,FL,691 BLUEFIELDS ST SE,PALM BAY,32909,L21000197228,N,valid,valid
"""A CRY FOR THE CHILDREN"" DAY CARE CENTER",NONPROFIT,NY,1137-45 PROSPECT AVE,BRONX,10459,,,,,2439212,N,valid,missing
"""A CUP ABOVE, LLC""",LLC,MO,5166 N CORRINGTON AVE,KANSAS CITY,64119,,,,,LC0711443,,valid,missing
"""A CUT ABOVE"" REMODELING, LLC",LLC,CO,14803 ROSLYN WY,THORNTON,80602,CO,14803 ROSLYN WY,THORNTON,80602,20151027243,N,valid,valid
"""A GREATER TOMORROW COUNSELING"", LLC",LLC,FL,4640 NW 66TH DR,CORAL SPRINGS,33067,FL,4640 NW 66TH DR,CORAL SPRINGS,33067,L21000333139,N,valid,valid
"""A MEAL WITH STINE"", LLC",LLC,GA,"3819, DERRINGER RDG",LOGANVILLE,30052,GA,3819 DERRINGER RDG,LOGANVILLE,30052,07090753,N,valid,valid
"""A MOMENT IN TIME"" STUDIO",DBA,OH,,,,,,CINCINNATI,,1271882,N,missing,missing
"""A NAIL IN TIME"" LLC.",LLC,OR,,,,OR,POST BOX 173,LAKESIDE,97449,144289998,N,missing,valid
"""A NEW BEGINNING"" FULL GOSPEL CHURCH",NONPROFIT,OH,,,,OH,,POMEROY,,1661731,N,missing,missing
"""A NURSING CONNECTION, LLC""",LLC,FL,10641 AIRPORT-PULLING RD,NAPLES,34109,FL,10641 AIRPORT-PULLING RD,NAPLES,34109,L12000142401,N,valid,valid
"""A PLACE TO CALL HOME"" PROPERTY RENTALS, LLC",CORPORATION,OH,,,,,,MONCLOVA TOWNSHIP,,1525143,N,missing,missing
"""A PLACE TO CALL MY HOME""",DBA,OH,,,,,,CINCINNATI,,2209954,N,missing,missing
"""A PLUS"" ACCOUNTING SOLUTIONS, LLC",CORPORATION,OH,,,,,,BROADVIEW HEIGHTS,,1643801,N,missing,missing
"""A PLUS"" CONCRETE & EXCAVATION, LLC",CORPORATION,OH,,,,,,CUYAHOGA FALLS,,LL8621,N,missing,missing
"""A QUALITY"" CONTRACTOR LLC",LLC,CO,1815 PEJN AVE,COLORADO SPRINGS,80904,CO,1815 PEJN AVE,COLORADO SPRINGS,80904,20141546311,N,valid,valid
"""A S A P"" ABOVE GROUP POOL INSTALLATIONS, LLC",LLC,PA,,,,,2637 EDDINGTON AVE,BENSALEM,,3699836,,missing,missing
"""A TASTE OF DUBLIN, INC.""",NONPROFIT,GA,787 OLD MACON RD,DUBLIN,31021,GA,POST OFC BOX 1647,DUBLIN,31040,08018988,N,valid,valid
"""A THING OF BEAUTY,"" COMMERCIAL ART GALLERY, INC.",CORPORATION,OH,,,,OH,,CLEVELAND,,825674,N,missing,missing
"""A TIME TO HEAL"" - CHRISTIAN COUNSELING SERVICES, LLC",CORPORATION,OH,,,,,,DAYTON,,2058795,N,missing,missing
"""A TO Z ROASTERS"" LLC",LLC,NY,241-20 NORTHERN BLVD,DOUGLASTON,11362,,,,,4728597,N,valid,missing
"""A TO Z"" RESTORATION ENVIRONMENTAL CONTRACTOR, INC.",CORPORATION,NY,"40-45 99TH STREET, #1R",CORONA,11368,NY,40-45 99 ST STE 1-R,CORONA,11368,3444831,N,valid,valid
"""A TOUCH EXTRA CATERING""",DBA,OH,,,,,,LIBERTY TOWNSHIP,,4420045,N,missing,missing
"""A UNIQUE TASTE IN A SHELL"" ""LLC""",LLC,FL,1405 NW 9TH ST,OCALA,34475,FL,1405 NW 9TH ST,OCALA,34475,L17000160581,N,valid,valid
"""A VOTRE SERVICE"" HOSPITALITY CONSULTING LLC.",LLC,CO,23871 CALDWELL CT,EVERGREEN,80439,CO,23871 CALDWELL CT,EVERGREEN,80439,20041048887,N,valid,valid
"""A""",CORPORATION,PA,,,,PA,1024 COTTMAN ST,PHILADELPHIA,,1044597,,missing,missing
"""A"" ALL IN ONE RESTORATION & SERVICES LLC",LLC,FL,831 OGNON CT,KISSIMMEE,34759,FL,831 OGNON CT,KISSIMMEE,34759,L19000017462,N,valid,valid
"""A"" - PLUS DRIVER IMPROVEMENT SCHOOL, INC.",CORPORATION,VA,,,,VA,8211 BEVLYNN WY,HENRICO,23229,04460929,N,missing,valid
"""A"" 1ST CLASS VALET SERVICES, LLC",CORPORATION,OH,,,,,,RICHMOND HEIGHTS,,2113383,N,missing,missing
"""A"" AUTO TAGS",CORPORATION,PA,,,,,6915 NEW FLS RD,LEVITTOWN,,2734626,,missing,missing
"""A"" BBS BILLING, LLC",LLC,GA,288 LAWRENCE ST,MARIETTA,30060,GA,9400 RESORT CIR,GAINESVILLE,30506,18103613,N,valid,valid
"""A"" BEST BRICK PAVERS LLC",LLC,FL,226 HBR PT BLVD,ORLANDO,32835,FL,226 HBR PT BLVD,ORLANDO,32835,L14000027330,N,valid,valid
"""A"" BEST CONSTRUCTION SERVICES, INC.",CORPORATION,NY,7 PAYNE AVE,NORTH TONAWANDA,14120,NY,THOMAS E ARIDA 7 PAYNE AVE,NORTH TONAWANDA,14120,2877792,N,valid,valid
"""A"" BROADWAY LLC",LLC,NY,750 LEXINGTON AVE STE 600,NEW YORK,10022,,,,,2283198,N,valid,missing
"""A"" BUILDING COMPANY, INC.",CORPORATION,VA,,,,VA,1657 WICKLIFFE RD,BERRYVILLE,22611,03769809,N,missing,valid
"""A"" CAB CO., INC.",CORPORATION,NY,115 SO WARREN ST,SYRACUSE,,,,,,2832606,N,missing,missing
"""A"" CAFE, LLC",LLC,NY,342 MAIN ST,FARMINGDALE,11735,,,,,2551582,N,valid,missing
"""A"" CASEY LANDSCAPE, LLC",LLC,FL,388 BRIARWOOD RD,VENICE,34293,FL,388 BRIARWOOD RD,VENICE,34293,L20000103417,N,valid,valid
"""A"" COMPANY, INC.",CORPORATION,ID,711 CAPITOL WY S STE 204,OLYMPIA,98501,MA,118 FLANDERS RD,WESTBOROUGH,01581,602794393,N,invalid,valid
"""A"" COMPREHENSIVE COUNSELING CENTER LLC.",LLC,NY,800 WOODBURY RD / STE I,WOODBURY,11797,,,,,2176992,N,valid,missing
"""A"" COMPREHENSIVE COUNSELING, PSYCHOLOGY & LMSW, PLLC",LLC,NY,98-120 QUEENS RD APT 1-C,REGO PARK,11374,,,,,3571960,N,valid,missing
"""A"" CUP SPECIALTY COFFEE, LLC",LLC,MO,5130 OLD LEMAY FRY RD,IMPERIAL,63052,,,,,LC0594689,,valid,missing
"""A"" CYPTO & MINING, LLC",LLC,ND,,,,,,,,0005670088,,missing,missing
"""A"" EXTERMINATORS, INC",CORPORATION,PA,52 ROCKY POOL LN,LEVITTOWN,,,52 ROCKY POOL LN,LEVITTOWN,,753602,,missing,missing
"""A"" FINANCIAL & INVESTMENTS, LLC",LLC,ND,,,,,,,,0005661307,,missing,missing
"""A"" FOOD CORP.",CORPORATION,NY,134 WEST HLS RD,OFFICER,11787,NY,134 WEST HLS RD,HUNTINGTON STATION,11746,1219548,N,valid,valid
"""A"" HEATING & COOLING LLC",LLC,MO,338 SHADY DR,BRANSON,65616,,,,,LC0656983,,valid,missing
"""A"" LAWN SMITH INC",CORPORATION,FL,1143 WOODSIDE DR,HOLLY HILL,32117,FL,1143 WOODSIDE DR,HOLLY HILL,32117,P09000098703,N,valid,valid
"""A"" LIFE CONSULTING, LLC",LLC,MO,3500 MAGNOLIA AVE,SAINT LOUIS,63118,,,,,LC001676036,,valid,missing
"""A"" LIFE PROPERTIES LLC",LLC,GA,"6851 ROSWELL RD, UNIT L-17",ATLANTA,30328,GA,"6851 ROSWELL RD, UNIT L-17",ATLANTA,30328,18032380,N,valid,valid
"""A"" LIMOUSINE",CORPORATION,PA,,,,,52 HUCKLEBERRY LN,LEVITTOWN,,2865538,,missing,missing
"""A"" LIST ENTERPRISES INC.",CORPORATION,NY,100 QUENTIN ROOSEVELT BLVD STE 106,GARDEN CITY,11530,,,,,3436419,N,valid,missing
"""A"" LIST HOME SOLUTIONS LLC",LLC,FL,7000 APPLEBY DR,NAPLES,34104,AL,7000 APPLEBY DR,NAPLES,34104,L19000170010,N,valid,invalid
"""A"" MAJOR INC.",CORPORATION,PA,,,,,5838 WASHINGTON AVE,PHILADELPHIA,,3953381,,missing,missing
"""A"" MEDICAL OFFICE, PLLC",LLC,NY,1701 AVE P,BROOKLYN,11229,,,,,2972043,N,valid,missing
"""A"" MOSES PLACE, LLC",LLC,MO,908 WEST 45TH ST,KANSAS CITY,64111,,,,,LC1388200,,valid,missing
"""A"" OK RESTORATION, LLC",LLC,MO,1009 NE 73RD TERR,GLADSTONE,64118,,,,,LC0951453,,valid,missing
"""A"" PARADISE REAL ESTATE MANAGEMENT LLC",LLC,GA,810 CARLISLE CLB DR,STONE MOUNTAIN,30083,GA,PO BOX 1454,REDAN,30074,09085245,N,valid,valid
"""A"" PLUS INVESTMENT SYSTEMS, LLC",LLC,CO,2056 VINEYARD DR,WINDSOR,80550,CO,2056 VINEYARD DR,WINDSOR,80550,20061151762,N,valid,valid
"""A"" PRODUCTIONS INC.",CORPORATION,NY,460 PARK AVE,NEW YORK,10022,,,,,2286664,N,valid,missing
"""A"" QUALITY COMPLETE CHIMNEY SERVICE, LLC",LLC,PA,,,,,515 MAPLE GRV RD,BELLEVILLE,,3977108,,missing,missing
"""A"" RATED FINANCIAL AND STAFFING SERVICES LLC",LLC,GA,2893 KAREN RD,COLLEGE PARK,30337,GA,2893 KAREN RD,COLLEGE PARK,30337,16051955,N,valid,valid
"""A"" ROOTER CONTRACTORS INC.",CORPORATION,FL,5701 SW 117 AVE,MIAMI,33183,FL,5701 SW 117 AVE,MIAMI,33183,P13000081023,N,valid,valid
"""A"" ROOTER INC.",CORPORATION,FL,5701 SW 117 AVE,MIAMI,33183,FL,5701 SW 117 AVE,MIAMI,33183,P12000000046,N,valid,valid
"""A"" SQUARED LAWN CARE LLC",CORPORATION,OH,,,,,,FAIRBORN,,2181986,N,missing,missing
"""A"" STREET COLLISION INC.",CORPORATION,OR,,,,OR,3445 MAIN ST,SPRINGFIELD,97478,23728686,N,missing,valid
"""A"" STREET PROPERTIES OF NORTHWEST FLORIDA, INC.",CORPORATION,FL,"17 W CEDAR STREET, STE 2",PENSACOLA,32502,FL,"17 W CEDAR STREET, STE 2",PENSACOLA,32502,P03000072248,N,valid,valid
"""A"" STREET PROPERTIES, LLC",LLC,WA,215 ENCHANTED FRST RD,EASTSOUND,98245,WA,215 ENCHANTED FRST RD,EASTSOUND,98245,603252416,N,valid,valid
"""A"" SUITE GIFT SHOPPE LLC",LLC,IN,3741 W 800 N,COLUMBIA CITY,46725,IN,3741 W 800 N,COLUMBIA CITY,46725,2013091800023,N,valid,valid
"""A"" SYSTEM HYDRAULICS, INC.",CORPORATION,FL,12942 SW 26 ST,DAVIE,33325,FL,7885-7889 NW 56TH ST,DORAL,33166,P95000015931,N,valid,valid
"""A"" TEAM REALTY LLC",LLC,IN,635 E 660 N,FREMONT,46737,IN,635 E 660 N,FREMONT,46737,201812191294739,N,valid,valid
"""A"" TEAM, INC",CORPORATION,CO,236 OAKLAND,AURORA,80010,CO,236 OAKLAND,AURORA,80010,19931016065,N,valid,valid
"""A"" THOROUGH HOME INSPECTION SERVICE, INC.",CORPORATION,NY,90 KENNEDY CT,LANCASTER,14086,,,,,3878138,N,valid,missing
"""A"" TRAVEL AGENCY, INC.",CORPORATION,OH,,,,OH,,OBERLIN,,877365,N,missing,missing
"""A"" VISTA GENERAL CONTRACTING INC.",CORPORATION,NY,192 WRIGHTS LN,OCEANSIDE,11572,NY,192 WRIGHTS LN,OCEANSIDE,11572,3112480,N,valid,valid
"""A"" YOUR TOWN CHIMNEY INC.",CORPORATION,WA,2126 E ST,WASHOUGAL,98671,WA,2126 E ST,WASHOUGAL,98671,601897997,N,valid,valid
"""A""' GAME FITNESS & PERFORMANCE LLC",LLC,PA,,,,,302 E EVERGREEN AVE,PHILADELPHIA,,4217878,,missing,missing
"""A""QUIPMENT REPAIRS & THE HOOD CLEANERS. LLC",LLC,NY,10462 GLENWOOD RD RTE 240,GLENWOOD,14069,,,,,3433355,N,valid,missing
"""A-1"" OFFICE FURNITURE COMPANY",CORPORATION,OH,,,,OH,,AKRON,,980590,N,missing,missing
"""A-5-6-7-8"", INC.",CORPORATION,NY,305 MADISON AVE STE 2300,NEW YORK,10165,NY,1 SHERIDAN SQ #6B,NEW YORK,10014,2069643,N,valid,valid
"""A-LIST"" LOCATION SOLUTIONS LLC",LLC,NY,"191 BROADWAY, 6C",DOBBS FERRY,10522,,,,,5488124,N,valid,missing
"""A-MAES-ING"" LANDSCAPE & GROUNDS MAINTENANCE",LLC,CO,595 N WESTGATE DR,GRAND JUNCTION,81505,CO,2981 BROOKSIDE DR,GRAND JUNCTION,81504,20131472479,N,valid,valid
"""A-PLUS CARE"" SUPPORTED LIVING AGENCY LLC",CORPORATION,OH,,,,,,NILES,,3995401,N,missing,missing
"""A-PLUS PREFERRED COVERAGE"" INSURANCE BROKERAGE, INC.",CORPORATION,NY,63-62 SAUNDERS ST 2ND FL,REGO PARK,11374,NY,63-62 SAUNERS ST 2ND FLR,REGO PARK,11374,2848925,N,valid,valid
"""A-VET ROOFING & CONSTRUCTION, LLC.""",LLC,GA,56 GRN ST,WARNER ROBINS,31093,GA,56 GRN ST,WARNER ROBINS,31093,08028272,N,valid,valid
"""A. C. DELLOVADE, INC.""",CORPORATION,PA,,,,,,CLEVELAND,,620497,N,missing,missing
"""A. H. DENNY INC.""",CORPORATION,NY,52 PARK PL,NEW YORK,10007,,,,,3984,N,valid,missing
"""A.N.B.A. LLC""",LLC,CT,,,,CT,929 WHITE PLNS RD,TRUMBULL,06611,571010,N,missing,valid
"""AA"" LOCKSMITH INC.",CORPORATION,NY,1284 SUFFOLK AVE,BRENTWOOD,11717,NY,1284 SUFFOLK AVE,BRENTWOOD,11717,3121926,N,valid,valid
"""AA&E TRUCKING LIMITED",CORPORATION,OH,,,,,,MOUNT VERNON,,2391506,N,missing,missing
"""AAA"" AD-MAIL, INC.",CORPORATION,FL,810 SATURN ST,JUPITER,33477,FL,19149 SE SEA TURTLE CT 102A,TEQUESTA,33469,P96000018965,N,valid,valid
"""AAA"" HOME IMPROVEMENTS, INC.",CORPORATION,NY,"45 JOHN STREET, STE 711",NEW YORK,10038,,,,,2430665,N,valid,missing
"""ABBA"" OF THE LEBANON AREA",NONPROFIT,PA,,,,,,,,742846,,missing,missing
"""ABC"" LITTLE STAR DC INC.",CORPORATION,NY,2345 85TH ST,BROOKLYN,11214,NY,2345 85 ST,BROOKLYN,11214,3994423,N,valid,valid
"""ABLAZE INTERACTIONS, LLC""",LLC,GA,"3490 PIEDMONT ROAD, STE 650",ATLANTA,30305,GA,1714 WEST SUSSEX RD,ATLANTA,30306,13394152,N,valid,valid
"""ABODES""",CORPORATION,IN,"940 S CLARIZZ #25, APT 25",BLOOMINGTON,47401,IN,"940 CLARIZZ BLVD, APT 25",BLOOMINGTON,47401,197909-588,N,valid,valid
"""ABORIOUS, CO""",CORPORATION,OH,,,,OH,,CLEVELAND,,4334859,N,missing,missing
"""ABOUT THAT TOW LIFE"" LLC",LLC,CO,5532 SPOKED WHEEL DR,COLORADO SPRINGS,80923,CO,5532 SPOKED WHEEL DR,COLORADO SPRINGS,80923,20191406175,N,valid,valid
"""ABOVE ALL LOVE"" LLC",LLC,FL,19271 STERLING DR,CUTLER BAY,33157,FL,19271 STERLING DR,CUTLER BAY,33157,L14000147168,N,valid,valid
"""ABOVE THE REST"" BUCKET TRUCK SERVICES LLC",LLC,FL,18237 211TH RD,LIVE OAK,32060,FL,18237 211TH RD,LIVE OAK,32060,L13000145684,N,valid,valid
"""ABOVE THE WELLNESS LINE""",DBA,ND,,,,,,,,0000266195,,missing,missing
"""ABSOLUTE BLACK""",DBA,OH,,,,,,OLMSTED TOWNSHIP,,2140349,N,missing,missing
"""ABSOLUTE BROWN""",DBA,OH,,,,,,HAMILTON,,2140328,N,missing,missing
"""ABSOLUTE RED""",DBA,OH,,,,,,DUBLIN,,2140350,N,missing,missing
"""ABUNDANT LIFE TABERNACLE OF MANSFIELD, OHIO INC.""",NONPROFIT,OH,,,,OH,,SPRINGFIELD TOWNSHIP,,350912,N,missing,missing
"""ACCELERATED PROPERTY MANAGEMENT SOLUTIONS LLC""",LLC,FL,5575 SW 198 TER,SOUTHWEST RANCHES,33332,FL,5575 SW 198 TER,SOUTHWEST RANCHES,33332,L16000217038,N,valid,valid
"""ACE IN THE HOLE"" SERVICES LLC",LLC,MO,"PO BOX 267, 367 CRABAPPLE RD",OZARK,65721,,,,,LC0531959,,valid,missing
"""ACE"" FREIGHT & DELIVERY SERVICES LLC",LLC,GA,1511 LINCOLN DR,BOGART,30622,GA,1511 LINCOLN DR,BOGART,30622,19130142,N,valid,valid
"""ADAMSON'S KARATE, ZIONSVILLE""",CORPORATION,IN,3276 EDEN WY CIR,CARMEL,46033,IN,1217 W OAK ST,ZIONSVILLE,46077,2002112500139,N,valid,valid
"""ADDICTIVE MINKS"" LLC",LLC,GA,5005 OAKLEY CMNS BLVD,UNION CITY,30291,GA,5005 OAKLEY CMNS BLVD,UNION CITY,30291,17031211,N,valid,valid
"""ADKINSFOREVERSAFESECURITY"" LLC",CORPORATION,OH,,,,,,HAMILTON,,2323916,N,missing,missing
"""ADP TOTALSOURCE SERVICES, INC.""",CORPORATION,NY,28 LIBERTY ST,NEW YORK,10005,FL,10200 SUNSET DR,MIAMI,33173,2094689,N,valid,valid
"""ADVENT"" MISSION, INC.",NONPROFIT,IN,"C/O DELI LEONID, 5 WINDHAM CT",BROWNSBURG,46112,IN,30 SHAW AVE,SILVER SPRING,20904,2000021800173,N,valid,invalid
"""ADVERSIGN, INC.""",CORPORATION,MO,325 SE ALEXANDRIA DR,LEE'S SUMMIT,64063,,,,,00119270,,valid,missing
"""AFRICAN & IMMIGRANT COMMUNITIES OF AMERICA, INC.""",NONPROFIT,GA,"5885 MEMORIAL DRIVE, STE B",STONE MOUNTAIN,30083,GA,"5885 MEMORIAL DR STE B, STE 230",STONE MOUNTAIN,30083,20127529,N,valid,valid
"""AFTER HOURS"" II LLC",CORPORATION,OH,,,,,,SPRINGBORO,,4738479,N,missing,missing
"""AGAPE"" V&N DAVIDHIZAR'S FOUNDATION",NONPROFIT,AK,206 W ROCKWELL AVE STE 100,SOLDOTNA,99669,AK,1240 CHINOOK DR,KENAI,99611,10022173,N,valid,valid
"""AH LIFE, INC.""",CORPORATION,WA,16706 86TH PL SW,VASHON,98070,WA,16706 86TH PL SW,VASHON,98070,602377231,N,valid,valid
"""AH"" MAZING DESIGN, LLC",CORPORATION,OH,,,,,,MINERVA PARK,,2321301,N,missing,missing
"""AIR BEDS UNLIMITED""",LLC,CO,9276 ROADRUNNER DR,HIGHLANDS RANCH,80129,CO,9276 ROADRUNNER DR,HIGHLANDS RANCH,80129,20041290236,N,valid,valid
"""ALBERT E. SHOCKEY"" DETACHMENT OF THE MARINE CORPS LEAGUE",NONPROFIT,IN,508 MAGNOLIA DR,KOKOMO,46901,IN,PO BOX 2831,KOKOMO,46904,2008042100462,N,valid,valid
"""ALBERT F. SCHNEIDER LLC"".",CORPORATION,OH,,,,,,WEST CHESTER,,LL818,N,missing,missing
"""ALEX"" EXPRESS CAR & LIMO INC.",CORPORATION,NY,1747 WEST 6TH ST,BROOKLYN,11223,NY,1747 WEST 6TH ST,BROOKLYN,11223,1824807,N,valid,valid
"""ALGOHE SERVICES LLC""",LLC,FL,6020 BENT PNE DR,ORLANDO,32822,FL,6020 BENT PNE DR APT 2722,ORLANDO,32822,L21000068407,N,valid,valid
"""ALISSI CONSULTING INC.""",CORPORATION,WA,1029 SLATER RD,BELLINGHAM,98226,WA,1029 SLATER RD,BELLINGHAM,98226,601699730,N,valid,valid
"""ALL ACTION CLOTHING"" LLC",LLC,GA,1989 CHESHIRE BRG RD NE,ATLANTA,30324,GA,1989 CHESHIRE BRG RD NE,ATLANTA,30324,20069961,N,valid,valid
"""ALL AMERICAN ENERGY COOPERATIVE ASSOCIATION, INC.""",NONPROFIT,OH,,,,OH,,MALVERN,,1324616,N,missing,missing
"""ALL DOGS! DOG TRAINING"" LLC",LLC,MO,2240 BRIARCREST DR,FLORISSANT,63033,,,,,LC1122292,,valid,missing
"""ALL FOR YOU"" CONCIERGE SERVICES, INC.",CORPORATION,FL,3719 RED MAPLE CIR,DELRAY BEACH,33445,FL,3719 RED MAPLE CIR,DELRAY BEACH,33445,P07000081323,N,valid,valid
"""ALL HOPE CHRISTIAN ACADEMY"", ""LLC""",LLC,FL,2036 SPYGLASS CT,LAKELAND,33810,FL,200 HAVENDALE BLVD,AUBURNDALE,33823,L16000114028,N,valid,valid
"""ALL NATION"" END-TIME MINISTRIES INC",NONPROFIT,FL,2405 COUNTRY CLB DR,TALLAHASSEE,32301,FL,2404 COUNTRY CLB DR,TALLAHASSEE,32301,N04000008357,N,valid,valid
"""ALL THAT BY SCOTT"" LANDSCAPING & GENERAL MAINTENANCE, LLC.",LLC,FL,8457 N SANTOS DR,CITRUS SPRINGS,34434,FL,8457 N SANTOS DR,CITRUS SPRINGS,34434,L19000105957,N,valid,valid
"""ALL THAT YOU ARE"", LLC",LLC,CT,,,,CT,13 BEECHWOOD LN,OLD LYME,06371,899142,N,missing,valid
"""ALL THINGS NEW"", LLC",LLC,MO,117 S LEXINGTON STSTE 100,HARRISONVILLE,64701,,,,,LC001610984,,valid,missing
"""ALL THINGS V"" LLC",LLC,GA,2333 CRIMSON CRK LN,SNELLVILLE,30078,GA,2333 CRIMSON CRK LN,SNELLVILLE,30078,20122797,N,valid,valid
"""ALL YOU NEED"" RESIDENTIAL ASSISTED LIVING FACILITY ""LLC""",LLC,FL,26 RIDGEWAY CT,CRAWFORDVILLE,32327,FL,26 RIDGEWAY CT,CRAWFORDVILLE,32327,L20000119497,N,valid,valid
"""ALL"" UPHOLSTERY, INC.",CORPORATION,FL,8645 SE 57TH DR,OKEECHOBEE,34974,FL,8645 SE 57TH DR,OKEECHOBEE,34974,P95000021572,N,valid,valid
"""ALL""-TIMATE AUTO CARE LLC",LLC,PA,,,,,340 INDUSTRIAL BLVD,NEW KENSINGTON,,3980608,,missing,missing
"""ALLEGHENY PROPERTIES/RENTALS, LLC.""",LLC,MO,609 ADAMS AVE,MOBERLY,65270,,,,,LC0735645,,valid,missing
"""ALLEMAENGEL CARPENTRY AND CONSTRUCTION""",CORPORATION,PA,7679 ALLEMAENGEL RD,NEW TRIPOLI,,,7679 ALLEMAENGEL RD,NEW TRIPOLI,,3946807,,missing,missing
"""ALLISON LOVING CARE FOR SENIORS, LLC""",LLC,GA,"3000 HWY 5, APT #115",DOUGLASVILLE,30135,GA,"3000 HWY 5, APT #115",DOUGLASVILLE,30135,21066372,N,valid,valid
"""ALMAR CREATIONS""",CORPORATION,PA,,,,PA,*( MONTGOMERY AVE,PENN VALLEY,,2109613,,missing,missing
"""ALMAS"" AMERICA LATINA MAGIA, ARTE, SALUD HOLISTIC CENTER, LLC",LLC,GA,334 S MAIN ST,ALPHARETTA,30009,GA,334 SOUTH MAIN ST,ALPHARETTA,30009,12007523,N,valid,valid
"""ALONE"" TRANSPORTATIONS INC.",CORPORATION,NY,"VALENTIN PLINGU 8307 HICKORY STREET, #7",WHITNEY POINT,13862,,,,,3092963,N,valid,missing
"""ALPHA Y LA OMEGA"" LANDSCAPING CORP",CORPORATION,WA,760 MARYLAND AVE,CHEHALIS,98532,WA,760 MARYLAND AVE,CHEHALIS,98532,602363840,N,valid,valid
"""ALREADY FAMOUS"" LLC.",LLC,GA,3398 DEMOONEY RD,ATLANTA,30349,GA,3398 DEMOONEY RD,ATLANTA,30349,11084737,N,valid,valid
"""ALTIRO"" CHILEAN COUSINE LLC",LLC,FL,15425 PLANTATION OAK DR,TAMPA,33647,FL,15425 PLANTATION OAK DR APT 1,TAMPA,33647,L21000133555,N,valid,valid
"""ALTON G. RAY BUILDER, INC.""",CORPORATION,GA,59 POND OAK WY,MORELAND,30259,GA,59 POND OAK WY,MORELAND,30259,H810144,N,valid,valid
"""ALWAYS HOME"" SERVICES, LLC.",LLC,FL,8515 RVR PRESERVE DR,BRADENTON,34212,FL,1767 LAKEWOOD RNCH BLVD #132,BRADENTON,34211,L11000110456,N,valid,valid
"""ALWAYS"" ALEXANDRIA BAY LLC",LLC,NY,90 KNOLLWOOD DR,ROCHESTER,14618,,,,,5529771,N,valid,missing
"""AMAL 2008"" INC",CORPORATION,FL,5237 CORONADO PKWY,NAPLES,34116,FL,12215 COLLIER BLVD (951) #2,NAPLES,34116,P08000076825,N,valid,valid
"""AMAYA`S NURSERY.LLC""",LLC,FL,1521 NE 8TH ST,HOMESTEAD,33033,FL,23625 SW 152 AV REAR,HOMESTEAD,33032,L19000121740,N,valid,valid
"""AMAZED"" REPAIR WORKS",LLC,CO,7185 SILVER TORCH TER,COLORADO SPRINGS,80919,CO,7185 SILVER TORCH TER,COLORADO SPRINGS,80919,20141548358,N,valid,valid
"""AMBASSADOR CORPORATE SERVICES""",LLC,IN,"135 NORTH PENNSYLVANIA STREET, STE 1610",INDIANAPOLIS,46204,IN,11020 DIEBOLD RD,FORT WAYNE,46845,2006050900593,N,valid,valid
"""AMBASSADOR ENTERPRISES""",LLC,IN,"135 NORTH PENNSYLVANIA STREET, STE 1610",INDIANAPOLIS,46204,IN,11020 DIEBOLD RD,FORT WAYNE,46845,2006050900593,N,valid,valid
"""AMBASSADOR INVESTMENTS""",LLC,IN,"135 NORTH PENNSYLVANIA STREET, STE 1610",INDIANAPOLIS,46204,IN,11020 DIEBOLD RD,FORT WAYNE,46845,2006050900593,N,valid,valid
"""AMBASSADOR LAUNDRIES, INC.""",CORPORATION,OH,,,,OH,,ATHENS,,198224,N,missing,missing
"""AMBASSADOR LEADERSHIP""",LLC,IN,"135 NORTH PENNSYLVANIA STREET, STE 1610",INDIANAPOLIS,46204,IN,11020 DIEBOLD RD,FORT WAYNE,46845,2006050900593,N,valid,valid
"""AMERICAN CHEMICAL CO.""",CORPORATION,PA,,,,,,,,2109227,,missing,missing
"""AMERICAN CLEANERS""",CORPORATION,PA,,,,,332 E JEFFERSON ST,BUTLER,,2110904,,missing,missing
"""AMERICAN INSTITUTE FOR PUBLIC SAFETY-INDIANA-",LLC,IN,301-B HOPKINS RD,INDIANAPOLIS,46229,IN,"301 HOPKINS RD, # B",INDIANAPOLIS,46229,1997051343,N,valid,valid
"""AMERICAN LADY"" LLC",LLC,NY,11 EAST 20TH ST,NEW YORK,10003,,,,,2743684,N,valid,missing
"""AMERICAN SEED COMPANY""",CORPORATION,PA,,,,,42-44 W ORANGE ST,LANCASTER,,2112663,,missing,missing
"""AMERICAN TAILORING COMPANY""",CORPORATION,PA,,,,,,,,2112544,,missing,missing
"""AMERICAN-ITALIAN RESTAURANT""",CORPORATION,PA,,,,,156 E HAMILTON ST,ALLENTOWN,,2111137,,missing,missing
"""AMJ TRUCKING, LLC""",LLC,MO,117 NW AA HWY,KINGSVILLE,64061,,,,,LC0572752,,valid,missing
"""AMSTERDAM BED & BREAKFAST""",CORPORATION,PA,,,,PA,31 RDG RD,PHOENIXVILLE,,2111776,,missing,missing
"""AMY'S ATTIC""",CORPORATION,PA,,,,PA,265 BEECH ST,POTTSTOWN,,877461,,missing,missing
"""AND JUSTICE FOR ALL""",NONPROFIT,MO,402 ADAM STEET,SIKESTON,63801,,,,,N01137251,,valid,missing
"""AND STUFF LIKE THAT""",CORPORATION,PA,,,,,1991 ROSEDALE RD,QUAKERTOWN,,3704232,,missing,missing
"""AND THE NEW"" HARLEM BOXING CENTER LLC",LLC,NY,207 E 110TH ST,NEW YORK,10029,,,,,5611166,N,valid,missing
"""ANDREWS HOME, AWAY FROM HOME"" LLC",PARTNERSHIP,OH,,,,,,HAMILTON,,1784849,N,missing,missing
"""ANGELIC HEALING HANDS"", INC.",CORPORATION,OR,,,,OR,1225 NW MURRAY RD STE 103,PORTLAND,97229,70499687,N,missing,valid
"""ANIMAL HOUSE"" KENNELS, LLC",LLC,MS,,,,,3272 HWY 43 NORTH,,,1013793,N,missing,missing
"""ANNA'S OF LAKELAND, LLC.""",LLC,FL,"500 S FLORIDA AVENUE, STE #300",LAKELAND,33801,FL,1456 TOWN CTR DR,LAKELAND,33803,L05000054496,N,valid,valid
"""ANOTHER"" SMOOTH MOVE MOVING LLC",LLC,MO,157 CR 3360,SALEM,65560,,,,,LC0954661,,valid,missing
"""ANOTHERWAY"" THE WAY OF THE LORD MINISTRY INC.",NONPROFIT,NY,32-23 90TH ST APT 201,EAST ELMHURST,11369,,,,,6014632,N,valid,missing
"""ANT THE MAN"" YARD SERVICE",LLC,CO,228 FAY DR,COLORADO SPRINGS,80911,CO,228 FAY DR,COLORADO SPRINGS,80911,20201699822,N,valid,valid
"""ANTHONY""S WORLD OF MUSIC THROUGH THEORY & SOUND LLC""",LLC,GA,1126 HWY 314,FAYETTEVILLE,30214,GA,1126 HWY 314,FAYETTEVILLE,30214,19124539,N,valid,valid
"""ANYTHING'S POSSIBLE"" TYPING & MOBILE NOTARY SERVICE, LLC",LLC,WA,5200 132ND ST NE,MARYSVILLE,98271,WA,5200 132ND ST NE,MARYSVILLE,98271,604477946,N,valid,valid
"""APOGEO"" FOUNDATION GLOBAL PUBLIC ART INC",NONPROFIT,FL,1755 W 60TH ST,HIALEAH,33012,FL,1755 W 60TH ST,HIALEAH,33012,N09000002413,N,valid,valid
"""APOSTOLIC LUTHERAN WESTERN MISSION""",NONPROFIT,OR,,,,WA,2115 CHINA GDN RD,KALAMA,98625,3049715,N,missing,valid
"""APOSTOLOS ANDREAS"" PATRON KYPROU & DIASPORAS INC.",NONPROFIT,NY,23-09 31ST ST,ASTORIA,11105,,,,,5038418,N,valid,missing
"""AQUA BLAST"" PRESSURE CLEANING & SMALL REPAIRS, ""LLC""",LLC,FL,1579 QUATRAIN LN,SEBASTIAN,32958,FL,1579 QUATRAIN LN,SEBASTIAN,32958,L17000185292,N,valid,valid
"""AQUALOVEINC."" LLC.",LLC,IN,"2413 HOBART ROAD, APT A/1",INDIANAPOLIS,46203,IN,"2413 HOBART ROAD, A/1",INDIANAPOLIS,46203,202105291494670,N,valid,valid
"""ARARAT CONTRACTOR LLC""",CORPORATION,OH,,,,,,PARMA,,1474286,N,missing,missing
"""ARNIE'S TAVERN""",LLC,IN,4535 S ST JOSEPH ST,SAINT ANTHONY,47575,IN,4535 S ST JOSEPH ST,SAINT ANTHONY,47575,2001020701797,N,valid,valid
"""AROUND THE CLOCK"" CLEAN TEAM ""LLC""",CORPORATION,OH,,,,,,CLEVELAND HEIGHTS,,2060569,N,missing,missing
"""ARROW HOSIERY CO.""",CORPORATION,PA,,,,,,,,2107395,,missing,missing
"""ARROYOS"" CONCRETE LLC",LLC,CO,631 S PATTON CT,DENVER,80219,CO,631 S PATTON CT,DENVER,80219,20208075403,N,valid,valid
"""ART OF GOD"" MINISTRIES, CHURCH OF THE HOLY GHOST (C.O.T.H.G.)",NONPROFIT,CT,,,,,,,,836979,N,missing,missing
"""ART UNLEASHED"", INC.",CORPORATION,FL,21644 REFLECTION LN,BOCA RATON,33428,FL,21644 REFLECTION LN,BOCA RATON,33428,P06000121505,N,valid,valid
"""ARTCRAFT DECORATING CO.",CORPORATION,PA,,,,,1934 HIGHLAND ST,ALENTOWN,,2112643,,missing,missing
"""ARTCRAFT DECORATING CO.""",CORPORATION,PA,,,,,39 N 9TH ST,ALLENTOWN,,2112639,,missing,missing
"""ARTHOMEDESIGN TECHNOLOGIES"" INC.",CORPORATION,WA,100 N HOWARD ST STE R,SPOKANE,99201,NY,817 BROADWAY,NEW YORK,10003,603562087,N,valid,valid
"""ARTIST IN YOU"", INC.",NONPROFIT,NY,"1 MAIDEN LANE, 5THFLOOR",NEW YORK,10038,,,,,3973912,N,valid,missing
"""AS A GRAIN OF MUSTARD SEED"" ""LLC""",CORPORATION,OH,,,,,,COLUMBUS,,1178161,N,missing,missing
"""AS A WHISTLE"" CLEANING SERVICE INC.",CORPORATION,NY,7 ANTLER LN,SOUTH SETAUKET,11720,NY,7 ANTLER LN,SOUTH SETAUKET,11720,1081787,N,valid,valid
"""AS I SEE IT"" ART AND GIFTS",DBA,OH,,,,,,FAIRFIELD,,4660617,N,missing,missing
"""AS IF"" DEVELOPMENTAL LLC",LLC,NY,"C/O DODGER PROPERTIES LLC 311 W 43RD ST, SIXTH FL",NEW YORK,10036,,,,,5371075,N,valid,missing
"""AS YOU WISH"" HOME RENOVATIONS INC.",CORPORATION,NY,51 EAST MAIN ST,SMITHTOWN,11787,,,,,4072163,N,valid,missing
"""AS-HOME"" DAY CARE CENTER, LLC",LLC,IN,"200 FRY ST, STE C",LAFAYETTE,47902,IN,6558 STAFFORD TR,ZIONSVILLE,46077,2003081900386,N,valid,valid
"""ASCS"" ADVANCED SPECIALTY CLEANING SERVICES, LLC",LLC,NY,POBOX 1017,HAMBURG,14075,,,,,4089671,N,valid,missing
"""ASE"" LLC",LLC,CT,,,,CT,33 SMITH ST 3 N,NEW BRITAIN,06053,1209280,N,missing,valid
"""ASISTEME INVERSIONES"", ""LLC""",LLC,FL,1241 AQUILA LOOP,CELEBRATION,34747,FL,1241 AQUILA LOOP,CELEBRATION,34747,L18000090181,N,valid,valid
"""ASK HR"", LLC",CORPORATION,OH,,,,,,MILLERSBURG,,2381551,N,missing,missing
"""ASK THE WIZARD"" LLC",LLC,CT,,,,CT,395 PEQUOT AVE #5,NEW LONDON,06320,823917,N,missing,valid
"""ASTRA HEALTH CARE"" INC.",CORPORATION,CO,6825 E TENNESSEE AVE ST #350,DENVER,80224,CO,6825 EAST TENNESSEE AVE ST #350,DENVER,80224,20051472910,N,valid,valid
"""ASTRO PAVING COMPANY"" AND/OR ""APC""",PARTNERSHIP,IN,334 NORTH SENATE AVE,INDIANAPOLIS,46204,IN,5400 W 86TH ST,INDIANAPOLIS,46268,LP94060002,N,valid,valid
"""AT HOME"" NEAR THE BEACH, LLC",LLC,FL,12625 ETRIS RD,ROSWELL,30075,FL,2043 LUNETA ST,NAVARRE,32566,L16000121021,N,invalid,valid
"""AT THE CROSS"" OF GEORGIA COMPANY",NONPROFIT,GA,305 ROSEMONT RD,LAGRANGE,30241,GA,605 HL ST,LAGRANGE,30240,15097595,N,valid,valid
"""AT YOUR SERVICE"" CATERING & EVENT PLANNING - LLC",CORPORATION,OH,,,,,,MAPLE HEIGHTS,,1991617,N,missing,missing
"""AT YOUR SERVICE"" REFRESHMENTS, LLC",CORPORATION,OH,,,,,,LIMA,,1701002,N,missing,missing
"""ATHLETES' PERFORMANCE FLORIDA, LLC",LLC,DE,300 DESCHUTES WY SW STE 208 MC-CSC1,TUMWATER,98501,FL,1050 GULF BREEZE PKWY,GULF BREEZE,32561,603517293,N,invalid,valid
"""ATTORNEY PROTECTIVE""",DBA,OH,,,,,,AURORA,,1870468,N,missing,missing
"""ATTPRO""",DBA,OH,,,,,,LIBERTY TOWNSHIP,,1870469,N,missing,missing
"""AUNT SALLY'S KITCHEN""",CORPORATION,PA,,,,,17 W HIGH ST,ELIZABETHTOWN,,2107589,,missing,missing
"""AUSTIN - ELLA LLC""",CORPORATION,OH,,,,,,MENTOR,,2028035,N,missing,missing
"""AUTO INTERIOR DESIGNS & SEAT COVER SPECIALISTS GENERAL UPHOLSTERY"", ""LLC""",LLC,FL,5250 NW 75 AVE,LAUDERHILL,33319,FL,5931 PLUNKETT ST,HOLLYWOOD,33023,L12000005828,N,valid,valid
"""AUTOEXPRESS VALE""",CORPORATION,IN,10418 PLUMAS LN,INDIANAPOLIS,46236,IN,10418 PLUMAS LN,INDIANAPOLIS,46236,2002050900143,N,valid,valid
"""AUTOMATIC EQUIPMENT CO.""",CORPORATION,PA,,,,,515 LINDEN ST,SCRANTON,,2112734,,missing,missing
"""AXE INVESTMENTS LLC""",CORPORATION,OH,,,,,,UNIONTOWN,,2204550,N,missing,missing
"""AZ, BUKI VEDI"" BULGARIAN CULTURAL AND EDUCATIONAL CENTER OF SOUTH FLORIDA, INC.",NONPROFIT,FL,3054 RED MANGROVE LN SOUTH,FORT LAUDERDALE,33312,FL,1324 NE 181TH ST,NORTH MIAMI BEACH,33162,N15000006255,N,valid,valid
"""B & B CONSTRUCTION AND REPAIR CORP""",CORPORATION,FL,501 NW 141ST AVE,PEMBROKE PINES,33028,FL,501 NW 141ST AVE APT 106,PEMBROKE PINES,33028,P21000053121,N,valid,valid
"""B & E AUTO BROKERS LLC""",LLC,GA,200 GREENVILLE ST STE B,NEWNAN,30263,GA,200 GREENVILLE ST STE B,NEWNAN,30263,12004188,N,valid,valid
"""B"" ASPHALT, INC.",CORPORATION,IN,306 NORTH 400 EAST,VALPARAISO,46383,IN,306 NORTH 400 EAST,VALPARAISO,46383,2002040200155,N,valid,valid
"""B"" CLEAN, LLC",LLC,MO,117 VININGS BLVD,OFALLON,63366,,,,,LC0798055,,valid,missing
"""B"" DAZZLED",CORPORATION,PA,,,,PA,832 SR 29 NORTH,TUNKHANNOCK,,2965762,,missing,missing
"""B"" FOR YOU/""B"" FOR ME LLC",LLC,MO,16005 HAROLD DR,BELTON,64012,,,,,LC1153644,,valid,missing
"""B"" HIVE TROPHY, INC.",CORPORATION,FL,1810 N HERCULES AVE,CLEARWATER,33765,FL,1810 N HERCULES AVE,CLEARWATER,33765,517036,N,valid,valid
"""B"" LINE BUILDING CORP.",CORPORATION,NY,49 MOSEMAN AVE,KATONAH,10536,NY,49 MOSEMAN AVE,KATONAH,10536,3934124,N,valid,valid
"""B"" PREPARED, INC.",CORPORATION,PA,,,,,1030 ML CRK DR,FEASTERVILLE,,2986393,,missing,missing
"""B"" STREET CAFE, LLC",LLC,CO,246 DUNSMERE,PUEBLO,81004,CO,121 WEST B ST,PUEBLO,81003,20111555452,N,valid,valid
"""B"" STREET PROPERTIES LLC",LLC,OR,,,,OR,560 SW B AVE,CORVALLIS,97333,26919092,N,missing,valid
"""B"" SWEET CUPCAKES, LLC",LLC,CO,425 E 4TH ST,LOVELAND,80537,CO,425 E 4TH ST,LOVELAND,80537,20131745095,N,valid,valid
"""B"" THE HANDS RELAXATION AND WELLNESS LLC",LLC,IN,"7061 TWIN OAKS DR, STE I",INDIANAPOLIS,46226,IN,"7061 TWIN OAKS DR, STE I",INDIANAPOLIS,46254,201709271216447,N,valid,valid
"""B"" WELL LLC",LLC,PA,,,,,2817 BOWMAN AVE,BRISTOL,,4317474,,missing,missing
"""B"" WISE ENTERPRISE LIMITED",LLC,IN,352 SHERI LN NW,CORYDON,47112,IN,13426 LOST CRK LN,CARMEL,46074,2015052100071,N,valid,valid
"""B"" WISE ENTERPRISE LLC",LLC,IN,352 SHERI LN NW,CORYDON,47112,IN,13426 LOST CRK LN,CARMEL,46074,2015052100071,N,valid,valid
"""B""-HANDY HANDYMAN SERVICE LLC",LLC,MO,5115 OWL CT,IMPERIAL,63052,,,,,LC0641221,,valid,missing
"""B""ING THE BEST, INC.",CORPORATION,FL,"1351 S KILLIAN DR, STE 1",LAKE PARK,33403,FL,"1351 S KILLIAN DR, STE 1",LAKE PARK,33403,P01000019283,N,valid,valid
"""B.O.Z."" THE BROTHERS OF ZION LLC",LLC,CT,,,,CT,80 COLEMAN ST,WEST HAVEN,06516,783223,N,missing,valid
"""B.Y.G. & M.Y.D."" LLC.",LLC,NY,41 STATE ST STE 106,ALBANY,12207,,,,,3241203,N,valid,missing
"""BACK 2 THE BASICS"" TUTORIAL SERVICES, LLC.",CORPORATION,OH,,,,,,BEAVERCREEK,,1681597,N,missing,missing
"""BACK TO BASICS"" INSTRUCTIONAL FOOTBALL CAMP, INC.",NONPROFIT,NY,856 MULBERRY RD,VALLEY COTTAGE,10989,,,,,3505652,N,valid,missing
"""BACK TO LIFE"" TAXIDERMY",SOLE PROPRIETORSHIP,WV,,,,,,,,,,missing,missing
"""BADIP BETTERDAYS INC""",NONPROFIT,NY,2706 RICHMOND TER,STATEN ISLAND,10303,,,,,4387564,N,valid,missing
"""BAG LADY LUNCHEON"" (BE THE ONE LEFT HOLDING THE BAG)",DBA,OH,,,,,,DAYTON,,2258658,N,missing,missing
"""BAKED"" IN THE VILLAGE CAFE",DBA,OH,,,,,,DAYTON,,2095416,N,missing,missing
"""BALANCIA COUNSELING LLC""",LLC,FL,12125 AVILES CIR,PALM BEACH GARDENS,33418,FL,12125 AVILES CIR,PALM BEACH GARDENS,33418,L19000252195,N,valid,valid
"""BALDY"" BOYD STATE FARM INS. AGENCY, INC.",CORPORATION,FL,37924 PACO AVE,DADE CITY,33525,FL,37924 PASCO AVE,DADE CITY,33525,P07000005992,N,valid,valid
"""BALLET WHISPERS"" CO.",CORPORATION,FL,5124 ALCOTT LN,AVE MARIE,34142,FL,5124 ALCOTT LN,AVE MARIE,34142,F20000003488,N,valid,valid
"""BANKRUPTCY DIY""",LLC,IN,5901 E 38TH ST,INDIANAPOLIS,46218,IN,5901 E 38TH ST,INDIANAPOLIS,46218,2011071100179,N,valid,valid
"""BANKSTON TRUCKING LLC LLC",CORPORATION,OH,,,,,,SPRING VALLEY,,4235465,N,missing,missing
"""BARBER ON THE SPOT"" CONCIERGE SERVICES LLC",CORPORATION,OH,,,,,,PLAIN CITY,,2272653,N,missing,missing
"""BARBIES DOLL'S"", ESCORT AND MODELING SERVICE",CORPORATION,PA,,,,,,,,902966,,missing,missing
"""BARNESVILLE CHAMBER OF COMMERCE""",NONPROFIT,OH,,,,OH,,BARNESVILLE,,165671,N,missing,missing
"""BARNEY"" BARKER OIL CO., INC.",CORPORATION,CT,,,,CT,109 STAMM RD,NEWINGTON,06111,1006518,N,missing,valid
"""BASILE'S CLEAR BROOK FARM INC""",CORPORATION,CT,,,,CT,11 MECHANICSVILLE RD BOX 827,GRANBY,06035,221487,N,missing,valid
"""BAY AREA NOTARY SERVICES, LLC.""",LLC,FL,2800 LAKELAND HLS BLVD,LAKELAND,33804,FL,2800 LAKELAND HLS BLVD UNIT 91084,LAKELAND,33804,L20000038546,N,valid,valid
"""BB'S TRUCKING LLC"" INC",CORPORATION,OH,,,,OH,,COLUMBUS,,4491760,N,missing,missing
"""BBA FORTY WEST PARTNERS, LLC""",LLC,MO,"1001 HIGHLAND PLZ DR WEST, STE 150",SAINT LOUIS,63110,,,,,LC0738697,,valid,missing
"""BBSEE LLC""",LLC,MO,"221 BOLIVAR STREET, STE 101",JEFFERSON CITY,65101,,,,,LC0878908,,valid,missing
"""BCI"" BUCKEYE CONSTRUCTION, INC.",CORPORATION,OH,,,,OH,,NEW CARLISLE,,1943338,N,missing,missing
"""BE ENCOURAGED"" MINISTRIES INC.",NONPROFIT,NY,40 CAROL ST,WEST HEMPSTEAD,11552,,,,,3605721,N,valid,missing
"""BE LIKE PAT""",DBA,OH,,,,,,COLUMBUS,,4258012,N,missing,missing
"""BE MORE BEHAVIORAL THERAPY""",CORPORATION,CO,1290 S HONEY WY,DENVER,80224,CO,1290 S HONEY WY,DENVER,80224,20171584962,N,valid,valid
"""BE PREPARED"" FIREARMS TRAINING LTD.",CORPORATION,OH,,,,,,CLEVELAND HEIGHTS,,1814653,N,missing,missing
"""BEA"" BLESSED BAKERY, LLC",LLC,AR,2201 IZARD ST,LITTLE ROCK,72206,AR,PO BOX 166467,LITTLE ROCK,72216,811067802,N,valid,valid
"""BEAR ON WHEEL LLC""",LLC,FL,9485 TRUMPET VINE LOOP,TRINITY,34655,FL,9485 TRUMPET VINE LOOP,TRINITY,34655,L18000140345,N,valid,valid
"""BEATS & KNOTS."" MY CREATIVE PASSION. ""LLC.""",LLC,FL,738 SEQUOIA TRL,PATRICK AFB,32925,FL,738 SEQUOIA TRL,PATRICK AFB,32925,L21000173053,N,valid,valid
"""BECAUSE YOU'RE SPECIAL..."", INC.",CORPORATION,PA,ATTN THERESA JOHNSON 5803 ADDISON ST,PHILADELPHIA,19143,PA,5803 ADDISON ST,PHILADELPHIA,,1033457,,valid,missing
"""BECCA'S HOUSE, LLC""",LLC,FL,9097 SW 4TH ST,BOCA RATON,33433,FL,9097 SW 4TH ST,BOCA RATON,33433,L18000067087,N,valid,valid
"""BEE BRAVE BUDDIES CORP""",NONPROFIT,FL,1316 BISCAYA DR,SURFSIDE,33154,FL,1316 BISCAYA DR,SURFSIDE,33154,N16000000303,N,valid,valid
"""BEE MEE DAY & NIGHT CARE CENTER"" LLC",LLC,FL,3400 NW 50TH AVE,LAUDERDALE LAKES,33319,FL,"3400 NW 50TH AVE, A108 A108",LAUDERDALE LAKES,33319,L20000372496,N,valid,valid
"""BEE"" FOR THE DAY, LLC",CORPORATION,OH,,,,,,SHAKER HEIGHTS,,1739554,N,missing,missing
"""BEE"" STREET INVESTMENTS, LLC",CORPORATION,OH,,,,,,WEST LAFAYETTE,,1538922,N,missing,missing
"""BEE"" UNIQUE HAIR BOUTIQUE",CORPORATION,PA,17759 BEAVERTOWN RD,TODD,,,17759 BEAVERTOWN RD,TODD,,3958073,,missing,missing
"""BEE""LIEVE ANTIQUES AND PRIMITIVES",SOLE PROPRIETORSHIP,WV,,,,,,,,,,missing,missing
"""BEES AND US"" LLC",LLC,MO,17777 CISSY DR,DIXON,65459,,,,,LC001537571,,valid,missing
"""BEING APART OF CHANGE""",NONPROFIT,NY,421 8TH AVE PO BOX 257,NEW YORK,10116,,,,,3861404,N,valid,missing
"""BEL AMI"", LTD.",CORPORATION,CO,7402 SOUTH GREELEY HWY,CHEYENNE,82007,WY,7402 SOUTH GREELEY HWY,CHEYENNE,82007,20001249211,N,valid,valid
"""BELIEVE IN YOUR DREAMS""",DBA,OH,,,,,,CASTALIA,,4297877,N,missing,missing
"""BELIEVE ME ITS YOGURT""",CORPORATION,IN,5753 ST JOE RD,FORT WAYNE,46835,IN,5753 ST JOE RD,FORT WAYNE,46835,198703-619,N,valid,valid
"""BELIEVE"" STORE",NONPROFIT,OH,,,,OH,,NEW HOLLAND,,2186641,N,missing,missing
"""BELLA MUSICA""",DBA,OH,,,,,,WEST CARROLLTON,,2130802,N,missing,missing
"""BELLE ARTI"" CENTER FOR THE ARTS, LLC.",LLC,NY,108-10 72ND ST,FOREST HILLS,11375,,,,,3263202,N,valid,missing
"""BELOVED"" ELEGANT FASHION BOUTIQUE INC.",CORPORATION,OH,,,,OH,,ELYRIA,,2079082,N,missing,missing
"""BEMIX"", LLC",LLC,FL,2508 CAMRYNS XING,PANAMA CITY,32405,FL,2508 CAMRYN'S XING,PANAMA CITY,32405,L21000035531,N,valid,valid
"""BENDER'S BODY SHOP AND SERVICE STATION""",CORPORATION,PA,,,,,,,,2108305,,missing,missing
"""BERK'S PRO-MED""",CORPORATION,PA,,,,,,,,2108609,,missing,missing
"""BERMUDEZ'S DELIVERY LLC""",LLC,FL,1110 BOROWOOD DR,NASHVILLE,37217,FL,13132SW 191ST TER,MIAMI,33177,L20000284971,N,invalid,valid
"""BERT'S KIDS, INC."" THE JAMES & ALBERTA TEAGUE WILLIAMS FAMILY FOUNDATION",CORPORATION,CT,,,,CT,329 BELLEVUE RD,NEW HAVEN,06511,757506,N,missing,valid
"""BEST FRIENDS FUREVER INC.""",NONPROFIT,PA,,,,,568 WELLINGTON RD,HARRISBURG,,3956543,,missing,missing
"""BEST"" BEFORE AND AFTER LLC",CORPORATION,OH,,,,,,FAIRFIELD,,2416032,N,missing,missing
"""BETANIA"" - ROMANIAN APOSTOLIC CHURCH (& MISSION)",NONPROFIT,OR,,,,OR,28277 SE HWY 224,EAGLE CREEK,97022,72622096,N,missing,valid
"""BETHEL TEMPLE, INC.""",NONPROFIT,OH,,,,OH,,PARMA,,198609,N,missing,missing
"""BETTER CALL SAULS!"" LAWN CARE LLC",LLC,FL,7923 OAKVIEW DR,PANAMA CITY,32404,FL,7923 OAKVIEW DR,PANAMA CITY,32404,L16000159991,N,valid,valid
"""BETTER IT NOW"", INC.",CORPORATION,NY,128 FRNT ST,MINEOLA,11501,,,,,5733117,N,valid,missing
"""BETTER THAN BOTH"", LLC",LLC,IN,"531 HAWTHORN RD, #2",NEW CASTLE,47362,IN,531 HAWTHORN RD,NEW CASTLE,47362,202007241408853,N,valid,valid
"""BETTER THAN THAT""",DBA,OH,,,,,,COLUMBUS,,4232276,N,missing,missing
"""BEV ENTERPRISES, LTD.""",CORPORATION,OH,,,,,,TOLEDO,,953071,N,missing,missing
"""BEV VEILS LLC""",LLC,MO,2145 GRN SLOPE DR P O BOX 440142,SAINT LOUIS,63136,,,,,LC001551377,,valid,missing
"""BEWARE"" AGAINST DRUGS, INC.",CORPORATION,WV,416,HALLTOWN,25423,WV,416,HALLTOWN,25423,144784,N,valid,valid
"""BEY""CATION CORPORATE HOUSING LLC",LLC,GA,"2470 CAMELLIA LN NE, APT 2304",ATLANTA,30324,GA,"1110 HAMMOND DR NE, APT 780",ATLANTA,30328,19045745,N,valid,valid
"""BF CONDOMINIUMS, LLC""",LLC,MO,"138 N, MERAMEC",CLAYTON,63105,,,,,LC0071192,,valid,missing
"""BIG DADDYS"" LLC",LLC,CT,,,,CT,611 WASHINGTON AVE,NEW HAVEN,06519,944511,N,missing,valid
"""BIG E'S"" SOUL FOOD, LLC",CORPORATION,OH,,,,,,YELLOW SPRINGS,,2260409,N,missing,missing
"""BIG HEAD TRUCKING LLC""",LLC,FL,10860 NW 18TH CT,PLANTATION,33322,FL,660 SW 29TH TER,FORT LAUDERDALE,33312,L15000060473,N,valid,valid
"""BIG JOE"" TREE, LANDSCAPING & CLEANING SERVICE LLC",LLC,VA,,,,VA,12216 SALT CEDAR LN,CULPEPER,22701,S3482199,N,missing,valid
"""BIG KIDZ"" FOUNDATION, INC.",NONPROFIT,GA,"C/O SBM 100 GALLERIA PKWY SE, STE 1000",ATLANTA,30339,GA,"C/O SBM 100 GALLERIA PKWY SE, STE 1000",ATLANTA,30339,0584466,N,valid,valid
"""BIG O ""TRANSPORTATION,LLC",LLC,GA,476 BREAKWATER TER,STONE MOUNTAIN,30087,GA,476 BREAKWATER TER,STONE MOUNTAIN,30087,14104323,N,valid,valid
"""BIG WORLD"" FLIGHT FOR EDUCATION",CORPORATION,WA,37303 208TH AVE SE,AUBURN,98092,WA,37303 208TH AVE SE,AUBURN,98092,601282585,N,valid,valid
"""BIGWIL"" ""LLC""",LLC,FL,1317 EDGEWATER DR,ORLANDO,32804,FL,1317 EDGEWATER DR,ORLANDO,32804,L18000098404,N,valid,valid
"""BILL'S CLEANING SERVICE, INC.""",CORPORATION,OH,,,,OH,,LIMA,,984700,N,missing,missing
"""BILLIONAIRE ENTERTAINMENT & $ INVESTMENT CORP""",CORPORATION,OH,,,,OH,,CLEVELAND,,3990471,N,missing,missing
"""BILLY'S"" COOKIN LIKE IT AINT NOTHIN LLC",CORPORATION,OH,,,,,,CLEVELAND,,4592196,N,missing,missing
"""BIOPHARMA C&I"" INC.",CORPORATION,NY,1140 AVE OF THE AMERICAS 9TH FL,NEW YORK,10036,,,,,5263097,N,valid,missing
"""BITES & BREWS""",SOLE PROPRIETORSHIP,WV,,,,,,,,,,missing,missing
"""BLACK FASHION WORLD FOUNDATION, INC.""",NONPROFIT,NY,C/O CARLA NELSON 700 WEST 192ND ST #415,NEW YORK,10040,,,,,5675005,N,valid,missing
"""BLACK KAT""",PARTNERSHIP,PA,,,,PA,227 E LANCASTER AVE,ARDMORE,,750887,,missing,missing
"""BLACK KINGS HEALING LLC """,CORPORATION,OH,,,,,,BARBERTON,,4599913,N,missing,missing
"""BLACK KNIGHTS"" INC.",NONPROFIT,FL,119 VICTORIAN LN,JUPITER,33458,PA,12 FARBER DR,CHALFONT,18914,N25250,N,valid,valid
"""BLACK TIE"" BUSINESS SERVICES LLC",LLC,PA,,,,,887 MAIN ST,DARBY,,3987270,,missing,missing
"""BLAKC LLC",LLC,PA,,,,,8010 WOOLSTON AVE,PHILADELPHIA,,7315122,,missing,missing
"""BLAQ IZ BU'TY HAIR STORE LLC",CORPORATION,OH,,,,,,TOLEDO,,4420068,N,missing,missing
"""BLESSED AND HIGHLY FAVORED OUTREACH CENTER,"" CORP.",NONPROFIT,FL,4658 SW 125TH LN,MIRAMAR,33027,FL,4658 SW 125TH LN,MIRAMAR,33027,N16000004601,N,valid,valid
"""BLESSED BOOKS CREATIONS LLC.""",LLC,FL,4321 SILVER FLS DR,LAND O LAKES,34639,FL,4321 SILVER FLS DR,LAND O LAKES,34639,L20000087986,N,valid,valid
"""BLOW ME DRY HAIR SALON BY DOMINICANS"" INC",CORPORATION,FL,3421 SW 12 CT,FORT LAUDERDALE,33312,FL,2724 DAVIE BLVD,FORT LAUDERDALE,33312,P14000047170,N,valid,valid
"""BLUE BACK & 4TH"", LLC.",LLC,CT,,,,CT,42 MTN FARMS RD,WEST HARTFORD,06117,921965,N,missing,valid
"""BLUE POLO INTERACTIVE"" CORP.",CORPORATION,NY,294 ECKFORD ST,BROOKLYN,11227,,,,,3984140,N,valid,missing
"""BLUE RIDGE"" STABLES, INC.",CORPORATION,VA,,,,VA,11483 CEDAR LN,ASHLAND,23005,06070759,N,missing,valid
"""BLUEWAY"" PROMO, LLC",LLC,FL,4747 1ST AVE,AUBURNDALE,33823,FL,2103 2ND ST NW,WINTER HAVEN,33881,L20000377239,N,valid,valid
"""BLY"" INC",CORPORATION,NY,431 HICKS ST #3L,BROOKLYN,11201,NY,431 HICKS ST #3L,BROOKLYN,11201,2635957,N,valid,valid
"""BOATERCHICKS.COM LLC""",LLC,FL,2129 W TOBAGO CIR,FORT MYERS,33905,FL,2129 W TOBAGO CIR,FORT MYERS,33905,L15000169601,N,valid,valid
"""BOB'S KIDS"" FOUNDATION",NONPROFIT,NY,3 ARDENDALE RD,EAST NORTHPORT,11731,,,,,3030027,N,valid,missing
"""BODK"" BANDZ ON DECK KENNELS LLC",CORPORATION,OH,,,,,,COLUMBUS,,4626889,N,missing,missing
"""BODY U"" LLC",LLC,IN,1900 HART ST,DYER,46311,IN,1900 HART ST,DYER,46311,202012091443201,N,valid,valid
"""BOLT STORES LLC""",CORPORATION,OH,,,,,,CLEVELAND,,4381717,N,missing,missing
"""BONBON"" HAIR SALON & SPA, INC.",CORPORATION,NY,571 THIRD AVE,NEW YORK,10016,NY,571 THIRD AVE,NEW YORK,10016,2229527,N,valid,valid
"""BOOKSURPRISES"", INC.",NONPROFIT,NY,38 HILLCREST RD,MOUNT VERNON,10552,,,,,4993043,N,valid,missing
"""BOOMCITI"" LLC",LLC,PA,,,,,353 EAST GLENN RD APT 2,HERSHEY,,4215114,,missing,missing
"""BORGMEYER PROPERTIES, LLC""",LLC,MO,100 N BROADWAY 14TH FL,SAINT LOUIS,63102,,,,,LC0593247,,valid,missing
"""BOSTON SCIENTIFIC CORP""",CORPORATION,DE,300 DESCHUTES WY SW STE 208 MC-CSC1,TUMWATER,98501,MA,300 BOSTON SCIENTIFIC WY,MARLBOROUGH,01752,601050148,N,invalid,valid
"""BOTTLED TEARS MINISTRIES, INC.""",NONPROFIT,FL,1163 FRESHWATER LKS DR,WEST PALM BEACH,33401,FL,1163 FRESHWATER LKS DR,WEST PALM BEACH,33401,N18000012485,N,valid,valid
"""BOUCHELLE ISLAND XIX CONDOMINIUM ASSOCIATION, INC.""",NONPROFIT,FL,507-C HERBERT ST,PORT ORANGE,32129,FL,507-C HERBERT ST,PORT ORANGE,32129,N98000004666,N,valid,valid
"""BOUNCE TUCKER BOUNCE"" LLC",LLC,FL,3509 E 27TH AVE,TAMPA,33605,FL,3509 E 27TH AVE,TAMPA,33605,L20000395749,N,valid,valid
"""BOUT THE SIDES OF IT"" LLC",LLC,GA,2282 SURREY TRL,COLLEGE PARK,30349,GA,2282 SURRREY TRL,ATLANTA,30349,17107243,N,valid,valid
"""BOWMAN MILLING COMPANY, INC.""",CORPORATION,MO,"407 N KINGSHIGHWAY, STE 400",CAPE GIRARDEAU,63701,,,,,00102091,,valid,missing
"""BOX 27 ASSOCIATES"" VOLUNTEER FIRE DEPARTMENT",NONPROFIT,OH,,,,OH,,SPRINGFIELD,,663681,N,missing,missing
"""BOZAD, LLC""",LLC,MT,,,59718,,,,,C160705,N,valid,missing
"""BPER"", LLC",LLC,FL,12840 SOUTHWEST 17TH ST,MIAMI,33175,FL,12840 SOUTHWEST 17TH ST,MIAMI,33175,L20000337211,N,valid,valid
"""BPER1"", INC",CORPORATION,FL,12840 SOUTHWEST 17TH ST,MIAMI,33175,FL,12840 SOUTHWEST 17TH ST,MIAMI,33175,P20000092928,N,valid,valid
"""BRAD K PRODUCTIONS LLC"" (BK PRODUCTIONS LLC)",LLC,CA,,,,,,SPRINGFIELD,,2239754,N,missing,missing
"""BRATVA"" MOTORCYCLE CLUB INC.",NONPROFIT,NY,"445 NEPTUNE AVE, STE 16C",BROOKLYN,11235,,,,,4442767,N,valid,missing
"""BREAD OF THE MIGHTY"" FOOD BANK, INC.",NONPROFIT,FL,7707 SW 19TH PL,GAINESVILLE,32607,FL,325 NW 10 AVE,GAINESVILLE,32601,N19939,N,valid,valid
"""BREAK THE ICE"", LLC",CORPORATION,OH,,,,,,JAMESTOWN,,1399424,N,missing,missing
"""BREAKFAST WITH A PURPOSE"" LLC",CORPORATION,OH,,,,,,EUCLID,,1898184,N,missing,missing
"""BREEZY POINT SOLUTIONS LLC""",LLC,FL,392 NW BREEZY PT LOOP,PORT SAINT LUCIE,34986,FL,402 SHOREVIEW DR,PORT SAINT LUCIE,34986,L20000087843,N,valid,valid
"""BRG MOTIVATIONAL SOLUTIONS, LLC""",CORPORATION,OH,,,,,,DAYTON,,1791895,N,missing,missing
"""BRIARWOOD COMMONS COMMUNITY ASSOCIATION"".",NONPROFIT,PA,,,,,3312 SEVENTH ST,WHITEHALL,,3843019,,missing,missing
"""BRICK GUY"" MASONRY",CORPORATION,PA,8551 UPPR HORSE VLY RD,UPPER STRASBURG,,,8551 UPPR HORSE VLY RD,UPPER STRASBURG,,3826906,,missing,missing
"""BRIGHT BEGINNINGS""",CORPORATION,PA,,,,,2026 ST RD,BENSALEM,,877018,,missing,missing
"""BRIGHTON AUTO BODY""",CORPORATION,PA,,,,,1316 4TH AVE,NEW BRIGHTON,,2108264,,missing,missing
"""BRISLIN BROTHERS""",CORPORATION,PA,,,,,294 SCOTT ST,WILKES-BARRE,,2108307,,missing,missing
"""BROOKDALE GREENS SOCIAL CLUB""",CORPORATION,WA,1911 138TH ST CT E,TACOMA,98445,WA,13702 20TH AVE E,TACOMA,98445,601839716,N,valid,valid
"""BROOKLYN CHICK PRODUCTIONS"" LLC",LLC,NY,1035 THOMPSON DR,BAY SHORE,11706,,,,,3552120,N,valid,missing
"""BROOKLYN'S TEA PARTY"" THE SWEETEST GIRL'S SWEET TEA",DBA,OH,,,,,,BEACHWOOD,,4227153,N,missing,missing
"""BROWN INVESTORS WEALTH MANAGEMENT, LLC""",LLC,GA,3615 LK ESTS WY,ATLANTA,30349,GA,3615 LK ESTS WY,ATLANTA,30349,19166883,N,valid,valid
"""BUCKEYE"" CHEDDAR & CHILI LLC",CORPORATION,OH,,,,,,FAIRBORN,,3859187,N,missing,missing
"""BUCKIN WILD"" RANCH LLC",LLC,FL,6102 PINETREE DR,FORT MEADE,33841,FL,6102 PINETREE DR,FORT MEADE,33841,L18000118232,N,valid,valid
"""BUD'S CLOCK SHOP""",CORPORATION,PA,,,,,,,,2111110,,missing,missing
"""BUD'S FLOOR COVERING""",CORPORATION,PA,,,,,,,,2111468,,missing,missing
"""BUDDIES"" HEAVY EQUIPMENT REPAIR, LLC",LLC,MO,120 W ELVINS BLVD,PARK HILLS,63601,,,,,LC1129470,,valid,missing
"""BUGS OR US"" OF FLAGLER COUNTY, INC.",CORPORATION,FL,PO BOX 354722,PALM COAST,32135,FL,14-8 UTILITY DR,PALM COAST,32137,P06000066091,N,valid,valid
"""BUGS OR US"" TERMITE & PEST CONTROL, CO.",CORPORATION,FL,1301 W BUSCH BLVD,TAMPA,33612,FL,1301 W BUSCH BLVD,TAMPA,33612,V52738,N,valid,valid
"""BUGS"" BURGER BUG KILLERS, INC.",CORPORATION,FL,4373 N BAY RD,MIAMI BEACH,33140,FL,1666 79TH ST CSWY 208,NORTH BAY VILLAGE,33141,P03000085495,N,valid,valid
"""BULLMAN'S""",CORPORATION,PA,,,,,453 NORTHAMPTON ST,EASTON,,2108121,,missing,missing
"""BULLY ME""",DBA,OH,,,,,,CLEVELAND,,3965429,N,missing,missing
"""BUNKY"" REID ALLSTARS BASKETBALL CLUB, INC.",NONPROFIT,NY,158 SWALM ST,WESTBURY,11590,,,,,2082437,N,valid,missing
"""BURCHFIELD ENTERPRISES LLC.""",LLC,WA,7623 TACOMA AVE S,TACOMA,98408,WA,7623 TACOMA AVE S,TACOMA,98408,604081440,N,valid,valid
"""BURGERLAND""",CORPORATION,PA,,,,,300 CATTELL ST,EASTON,,2106417,,missing,missing
"""BURGIEN'S""",CORPORATION,PA,,,,,124 W MARKET ST,WEST CHESTER,,2107393,,missing,missing
"""BURNS WASHER SHOPS""",CORPORATION,PA,,,,,40 N 9TH ST,READING,,2108794,,missing,missing
"""BURTON UNIFORMS""",CORPORATION,PA,,,,,NO 215 SMITHFIELD ST,PITTSBURGH,,2110925,,missing,missing
"""BUS CENTER""",CORPORATION,PA,,,,,,,,2110598,,missing,missing
"""BUSHONG BROS.""",CORPORATION,PA,,,,,PENN GRN FARM WEST GRV RD,PENN TOWNSHIP,,2110814,,missing,missing
"""BUSTY'S CAFE""",CORPORATION,PA,,,,,,,,2108197,,missing,missing
"""BUSY BEE TAVERN""",CORPORATION,PA,,,,,363 HELEN ST,MCKEES ROCKS,,2108170,,missing,missing
"""BUSY BEE""",CORPORATION,PA,,,,,263 N NINTH ST,PHILADELPHIA,,2106862,,missing,missing
"""BUTANA SPORTS, INC.""",CORPORATION,MT,,,59701,MT,21000 E BROWNS GULCH RD,BUTTE,59701,D150828,N,valid,valid
"""BUTCH'S AUTO SALES & SERVICE""",CORPORATION,PA,,,,,,,,2108097,,missing,missing
"""BUTCH'S TAVERN""",CORPORATION,PA,,,,,,,,2108182,,missing,missing
"""BUTCHS CAFE""",CORPORATION,PA,,,,,,,,2108164,,missing,missing
"""BUTLER CONSTRUCTION COMPANY""",CORPORATION,PA,,,,,152 NORTH MAIN ST,BUTLER,,2108108,,missing,missing
"""BUTLER RUG-CLEANERS""",CORPORATION,PA,,,,,718 CTR AVE,BUTLER,,2106891,,missing,missing
"""BUTTE JUNIOR GOLF FOUNDATION""",NONPROFIT,MT,,,59701,,,,,D160143,N,valid,missing
"""BY FOUR GROUP"" LLC",LLC,FL,9734 NW 4TH LN,MIAMI,33172,FL,9734 NW 4TH LN,MIAMI,33172,L17000245316,N,valid,valid
"""BY NICKIE D.""",DBA,OH,,,,,,DAYTON,,4599816,N,missing,missing
"""BY TED, INC.""",CORPORATION,WA,411 NOOKSACK AVE,NOOKSACK,98276,WA,411 NOOKSACK AVE,NOOKSACK,98276,601187748,N,valid,valid
"""BY THE BOOK"" ACCOUNTING, INC.",CORPORATION,WA,3306 48TH ST CT E,TACOMA,98443,WA,3306 48TH ST CT E,TACOMA,98443,601967498,N,valid,valid
"""BY THE GRACE OF GOD'S BARBERSHOP"" LLC.",CORPORATION,OH,,,,,,ATHENS,,1571513,N,missing,missing
"""BY THE SEA"" ARTS & SEAFOOD FESTIVAL",NONPROFIT,AK,413 MINKE LP,COFFMAN COVE,99918,AK,102 DENALI,COFFMAN COVE,99918,10040869,N,valid,valid
"""BYS, INC.""",CORPORATION,FL,"520 BRICKELL KY DR, STE 1606",MIAMI,33131,FL,1800 SE 10TH AVE STE 210,FORT LAUDERDALE,33316,G00873,N,valid,valid
"""C & C CLEANERS""",CORPORATION,PA,,,,,428 17TH ST,ARNOLD,,2111103,,missing,missing
"""C & C GARAGE""",CORPORATION,PA,,,,,8 DIVISION ST,NEW CASTLE,,2112618,,missing,missing
"""C & D ADVERTISING SPECIALTY SERVICE"".",CORPORATION,PA,,,,,400 CHESTNUT ST,COLUMBIA,,2110718,,missing,missing
"""C & R"" NETWORKING & CONNECTIONS LLC",CORPORATION,OH,,,,,,CLEVELAND,,1593549,N,missing,missing
"""C AND D SUPPLY COMPANY""",CORPORATION,PA,,,,,,,,2111279,,missing,missing
"""C AND H MARKET""",CORPORATION,PA,,,,,813 HARRISON ST,NEW CASTLE,,2112778,,missing,missing
"""C O M E T"" INTERNATIONAL L.T.D.",CORPORATION,OH,,,,,,CINCINNATI,,884545,N,missing,missing
"""C P SERVICE""",CORPORATION,PA,,,,,2045 FORSTER ST,HARRISBURG,,2112761,,missing,missing
"""C R S"" COMMERCIAL REPAIR SERVICE LLC",LLC,MT,,,59901,MT,1001 S MAIN ST STE 49,KALISPELL,59901,C279350,N,valid,valid
"""C""",CORPORATION,PA,,,,,2061-63 CHELTEN AVE,PHILADELPHIA,,2109514,,missing,missing
"""C"" & ""C"" OIL CO",CORPORATION,PA,,,,,3462 KENSINGTON AVE,PHILADELPHIA,,2111288,,missing,missing
"""C"" AUTOMOTIVE INC.",CORPORATION,FL,4122 INVERRARY BLVD,LAUDERHILL,33319,FL,90 VERMONT AVE,FORT LAUDERDALE,33312,P21000020234,N,valid,valid
"""C"" BROTHER'S ELECTRIC COMPANY INC.",CORPORATION,NY,97 RUSTIC RD,CENTEREACH,11720,NY,97 RUSTIC RD,CENTEREACH,11720,3028198,N,valid,valid
"""C"" CABLE REALTY, INC.",CORPORATION,OR,,,,OR,PO BOX 65,INDEPENDENCE,97351,55018486,N,missing,valid
"""C"" DITCH COMPANY",NONPROFIT,CO,39355 DAVIS RD,CRAWFORD,81415,CO,39355 DAVIS RD,CRAWFORD,81415,20101274666,N,valid,valid
"""C"" EQUIPMENT",CORPORATION,PA,,,,PA,1403 ARNOLD ST,PITTSBURGH,,2107905,,missing,missing
"""C"" ESKAPE FISHING TACKLE, INC.",CORPORATION,FL,1548 SW 4TH AVE,BOCA RATON,33432,FL,1940 NW BOCA RATON BLVD,BOCA RATON,33432,P19000028294,N,valid,valid
"""C"" FAMILY, INC.",CORPORATION,PA,282 NEW CASTLE RD,BUTLER,16039,,948,HERMAN,16039,2097302,,valid,missing
"""C"" FARMS, INC.",CORPORATION,VA,,,,VA,2519 RDG RD,DANVILLE,24540,01436260,N,missing,valid
"""C"" FOOD CORP.",CORPORATION,NY,134 WEST HLS RD,OFFICER,11787,NY,134 WEST HLS RD,HUNTINGTON STATION,11746,1219549,N,valid,valid
"""C"" LAZY MOOSE R. V. PARK ""LLC""",LLC,AK,10961 RICHARDSON HWY,SALCHA,99714,AK,10961 RICHARDSON HWY 10961 RICHARDSON HWY,SALCHA,99714,10038076,N,valid,valid
"""C"" ME SERVICES, LLC",LLC,CO,1140 SO DL CT,DENVER,80219,CO,1140 SO DL CT,DENVER,80219,20051467076,N,valid,valid
"""C"" MUSIC CORP.",CORPORATION,NY,500 B WEST TER ST,EAST SYRACUSE,13057,NY,500 B WEST TER ST,EAST SYRACUSE,13057,149007,N,valid,valid
"""C"" STEPHENS, INC.",CORPORATION,OH,,,,OH,,DEFIANCE,,393051,N,missing,missing
"""C"" STREET PROPERTIES, INC.",CORPORATION,WA,36 WESTVIEW DR,HOQUIAM,98550,WA,36 WESTVIEW DR,HOQUIAM,98550,602531189,N,valid,valid
"""C"" SUITE CONSULTING LLC",LLC,MO,1028 N KINGSHIGHWAY ST,CAPE GIRARDEAU,63701,,,,,LC001696676,,valid,missing
"""C"" TANG SHRIMP CO.",CORPORATION,PA,,,,,5345 MONTGOMERY AVE,PHILADELPHIA,,2112709,,missing,missing
"""C"" THE DIFFERENCE INC.",CORPORATION,PA,C/O DONALD COURSON 1127 WARREN RD,WEST CHESTER,19382,PA,1127 WARREN RD,WEST CHESTER,,2603170,,valid,missing
"""C"" YOU IN THE MAJOR LEAGUES, LLC",LLC,MO,2900 NE BROOKTREE LNSTE 100,GLADSTONE,64119,,,,,LC001638662,,valid,missing
"""C. & C. CONTRACTING CO.""",CORPORATION,PA,,,,,#836 BEAVER ST,BRISTOL,,2111108,,missing,missing
"""C. & R. SILK MANUFACTURERS""",CORPORATION,PA,,,,,,,,2112791,,missing,missing
"""C. C. C. DISCOUNT COMPANY""",CORPORATION,PA,,,,,506 MCKEAN AVE,CHARLEROI,,2109415,,missing,missing
"""C. COPPOLA, INC.""",CORPORATION,CT,,,,CT,442 ROXBURY RD,STAMFORD,06902,6960,N,missing,valid
"""C. FRANKLIN PROPERTIES, LLC""",LLC,CT,,,,CT,539 PUDDING HL RD,HAMPTON,06247,1183212,N,missing,valid
"""C.A.S.S."" FOR YOUTH AND FAMILY FOUNDATION",NONPROFIT,NY,26302 US RT 11,EVANS MILLS,13637,,,,,2702939,N,valid,missing
"""C.I.G. CUSTOM BUILDERS LLC.""",LLC,FL,375 SW 66TH AVE,MARGATE,33068,FL,4621 NW 195TH ST,OPA LOCKA,33055,L19000093059,N,valid,valid
"""C.I.L."" HOME IMPROVEMENT & RENTAL PROPERTY, LLC.",CORPORATION,OH,,,,,,CINCINNATI,,1542977,N,missing,missing
"""C.R.D."" ENTERPRISES",CORPORATION,PA,,,,,136 S MAIN AVE,SCRANTON,,2110505,,missing,missing
"""CADES C. P. A. SCHOOL- CADES ACCOUNTING SCHOOL""",CORPORATION,PA,,,,,12 S 12TH ST,PHILADELPHIA,,2113030,,missing,missing
"""CADILLAC & LASALLE CLUB, SOUTH FLORIDA REGION, INC.""",NONPROFIT,FL,300 FIFTH AVE SOUTH STE 101-330,NAPLES,34102,FL,3200 NE 36TH ST APT 705,FORT LAUDERDALE,33308,N16000009601,N,valid,valid
"""CADWALLADER ELECTRIC""",CORPORATION,PA,,,,PA,161 PNE ST,PALMYRA,,2113075,,missing,missing
"""CAKELAND""",CORPORATION,PA,,,,,9 N SIXTH ST,INDIANA,,2113108,,missing,missing
"""CALIOSHOMEIMPROVEMENTS LLC",CORPORATION,OH,,,,,,STEUBENVILLE,,4410371,N,missing,missing
"""CALL BRIAN"" SENIOR SERVICES, LLC",LLC,NY,106 HAWTHORNE ST,PORT JEFFERSON,11777,,,,,5180027,N,valid,missing
"""CALL REED"" LLC",LLC,FL,209 NORTH SEACREST CIR,DELRAY BEACH,33444,FL,209 NORTH SEACREST CIR,DELRAY BEACH,33444,L19000297373,N,valid,valid
"""CALL SCOTT""",SOLE PROPRIETORSHIP,WV,,,,,,,,,,missing,missing
"""CAMDEN TERRACE FARMS ASSOCIATION""",NONPROFIT,OH,,,,OH,,COLUMBIA TOWNSHIP,,166931,N,missing,missing
"""CAMPUS RESTAURANT""",CORPORATION,PA,,,,,1641-1645 N BROAD ST,PHILADELPHIA,,2111431,,missing,missing
"""CAN DO"" STREET INC.",CORPORATION,NY,116 W 23RD ST STE 500,NEW YORK,10011,,,,,4634378,N,valid,missing
"""CAN YOU PICTURE THAT"" ENTERPRISES, INC.",CORPORATION,GA,"1460 E FAYETTEVILLE RD RIVERDALE, GA 30296",RIVERDALE,30296,GA,PO BOX 150501,ATLANTA,30315,0447656,N,valid,valid
"""CAN'T TOPP THIS"" HOMEOWNERS ASSOCIATION, INC.",NONPROFIT,FL,327 SOUTH COUNTY HIGWAY 393,SANTA ROSA BEACH,32459,FL,17614 ASHLEY DR,PANAMA CITY BEACH,32413,N17000009604,N,valid,valid
"""CAP ROCK REAL ESTATE SERVICES, INC.""",CORPORATION,FL,12650 WHITEHALL DR,FORT MYERS,33907,FL,12650 WHITEHALL DR,FORT MYERS,33907,P07000002218,N,valid,valid
"""CAPE COD PARTNERS, LLC"".",LLC,CT,,,,CT,11 MAHER AVE,GREENWICH,06830,1149179,N,missing,valid
"""CAPTURE YOUR ASSETS""",CORPORATION,PA,701 FERNHILL AVE,PITTSBURGH,,,701 FERNHILL AVE,PITTSBURGH,,4195379,,missing,missing
"""CAPTURED"" BY LISA",SOLE PROPRIETORSHIP,WV,,,,,,,,,,missing,missing
"""CAPVOY"" CAPTIVATING VOYAGES & DESIGNS LLC",CORPORATION,OH,,,,,,SPRINGFIELD,,2261630,N,missing,missing
"""CARABELLA AT YOUR SERVICE""",CORPORATION,PA,109 CRABTREE CT,VENETIA,,,109 CRABTREE CT,VENETIA,,3981850,,missing,missing
"""CARMEN CARE SERVICE LLC """,LLC,FL,492 B ST,CASSELBERRY,32707,FL,492 B ST,CASSELBERRY,32707,L14000117775,N,valid,valid
"""CARNATION CLEANING LLC""",CORPORATION,OH,,,,,,REYNOLDSBURG,,4517507,N,missing,missing
"""CARVER'S ELECTRIC, PLUMBING & HEATING, INC.""",CORPORATION,OH,,,,OH,,MARIETTA,,301514,N,missing,missing
"""CASA DE"" ADULT DAY CARE",CORPORATION,CO,12500 WEST 58TH AVE UNIT 103,ARVADA,80002,CO,12500 WEST 58TH AVE UNIT 103,ARVADA,80002,20051344076,N,valid,valid
"""CAT SHALOM LLC""",LLC,FL,3555 HENRIETTA PL,SARASOTA,34234,FL,3555 HENRIETTA PL,SARASOTA,34234,L19000277884,N,valid,valid
"""CATATUMBO"", LLC",LLC,FL,18385 NW 12 ST,PEMBROKE PINES,33029,FL,18385 NW 12 ST,PEMBROKE PINES,33029,L20000370657,N,valid,valid
"""CATERING FOR THE SOUL"" - READINGS & FEEDINGS, LLC",LLC,CO,7700 E ARAPAHOE RD STE 220,CENTENNIAL,80112,CO,1300 SOUTH YAMPA WY,AURORA,80017,20101397996,N,valid,valid
"""CAUSE I CAN"" LLC.",LLC,FL,2001 PAR DR,PANAMA CITY,32404,FL,2001 PAR DR,PANAMA CITY,32404,L13000035174,N,valid,valid
"""CBI CONSTRUCTION, LLC""",LLC,MO,9622 SOUTH BROADWAY,SAINT LOUIS,63125,,,,,LC0069175,,valid,missing
"""CCP-FESTUS PROPERTIES, LLC.""",LLC,MO,455 MAPLE ST PO BOX 740,HILLSBORO,63050,,,,,LC0747492,,valid,missing
"""CEASE FIRE"" NATIONAL",CORPORATION,PA,,,,PA,6721 SOUDER ST,PHILADELPHIA,,2100670,,missing,missing
"""CECILIA MOLINI LANGUAGE SERVICES""",CORPORATION,IN,2110 BLOYD AVE,INDIANAPOLIS,46218,IN,2110 BLOYD AVE,INDIANAPOLIS,46218,2003021000497,N,valid,valid
"""CENTURY 21 FRONTIER REALTY""",CORPORATION,PA,,,,PA,2948 WASHINGTON RD,MCMURRAY,,904154,,missing,missing
"""CGI BILTMORE FUND I LP""",PARTNERSHIP,FL,"9300 S DADELAND BLVD, STE 600",MIAMI,33156,FL,801 BRICKELL AVE,MIAMI,33131,B19000000167,N,valid,valid
"""CHANGES"" COUNSELING AND MEDIATION LLC",LLC,MO,1213 N W 5TH ST TER,BLUE SPRINGS,64014,,,,,LC0609583,,valid,missing
"""CHANGES"" COUNSELING SERVICES LLC",LLC,FL,3705 SW 7TH AVE RD,OCALA,34471,FL,3705 SW 7TH AVE RD,OCALA,34471,L17000215640,N,valid,valid
"""CHAPMAN'S""",CORPORATION,IN,300 S STATE RD 446,BLOOMINGTON,47401,IN,4506 E THIRD ST,BLOOMINGTON,47401,1990100766,N,valid,valid
"""CHAZCODY"" ""INC""",CORPORATION,FL,7447 VISCAYA CIR,MARGATE,33063,FL,7447 VISCAYA CIR,MARGATE,33063,P20000068674,N,valid,valid
"""CHEERS"" BUTLER SERVICES, LLC",LLC,CT,,,,CT,113 KNICKERBOCKER AVE 2 2,STAMFORD,06907,713419,N,missing,valid
"""CHEFWERKS, LLC""",LLC,MT,,,59635,,,,,C250824,N,valid,missing
"""CHEV'S WATER DANS"", INC.",CORPORATION,OH,,,,OH,,CLEVELAND HEIGHTS,,1716115,N,missing,missing
"""CHIC"" YOUNG CHAPTER NO. 102, DISABLED AMERICAN VETERANS INC.",NONPROFIT,OH,,,,OH,,NORWOOD,,276039,N,missing,missing
"""CHICK-INNS""INC.",CORPORATION,OH,,,,OH,,DAYTON,,355021,N,missing,missing
"""CHIEF"" CUPCAKES LLC",LLC,FL,1225 SPRINGHEALTH CT,SAINT AUGUSTINE,32092,FL,1225 SPRINGHEALTH CT,SAINT AUGUSTINE,32092,L18000222529,N,valid,valid
"""CHIEF"" IN LIVING COLOR PAINTING ""LLC""",LLC,FL,410 INKWOOD LN,TALLAHASSEE,32310,FL,410 INKWOOD LN,TALLAHASSEE,32310,L18000192564,N,valid,valid
"""CHIEF"" INSECT CONTROL INC.",CORPORATION,OH,,,,OH,,NORTH CANTON,,1293550,N,missing,missing
"""CHILD RESCUE""",NONPROFIT,CO,1333 S QUAIL RUN RD,WATKINS,80137,CO,1333 S QUAIL RUN RD,WATKINS,80137,20021325214,N,valid,valid
"""CHILDREN CREATIVE VISION"" CHILD CARE MINISTRY, INC.",NONPROFIT,IN,1327 TANEY ST,GARY,46404,IN,4001 DEODAR ST,EAST CHICAGO,46312,2004080400027,N,valid,valid
"""CHILDREN OF THE KINGDOM""",NONPROFIT,OH,,,,OH,,DAYTON,,979039,N,missing,missing
"""CHOCOLATE DELIGHTS CANDIES""",DBA,OH,,,,,,CANAL WINCHESTER,,4405406,N,missing,missing
"""CHOICE CUTS""",SOLE PROPRIETORSHIP,WV,,,,,,,,,,missing,missing
"""CHOICE NOT CHANCE"" DETERMINE OUR DESTINY, INC.",NONPROFIT,NY,83 CRES AVE,STATEN ISLAND,10301,,,,,2661932,N,valid,missing
"""CHOOSE LIFE WELLNESS CENTER"", LLC",LLC,FL,2560 E HWY 50,CLERMONT,34711,FL,2560 SR 50 UNIT 106,CLERMONT,34711,L11000060116,N,valid,valid
"""CHOPS"" HAIR SALON LLC",LLC,NY,210 BALLOU RD,PORTER CORNERS,12859,,,,,5724535,N,valid,missing
"""CHRIST COMMUNITY CHURCH OF THE CHRISTIAN AND MISSIONARY ALLIANCE, INC.""",NONPROFIT,FL,4050 COLONIAL BLVD,FORT MYERS,33966,FL,4050 COLONIAL BLVD,FORT MYERS,33966,706544,N,valid,valid
"""CHRISTIAN COMMUNITY SERVICE, INC.""",NONPROFIT,CO,806 SILVER ST,LAKE CITY,81235,CO,429 GUNNISON AVE,LAKE CITY,81235,20011213891,N,valid,valid
"""CHURCH OF OUR LADY OF PERPETUAL HELP"", WASHINGTON, CONNECTICUT.",CORPORATION,CT,,,,,,,,64853,N,missing,missing
"""CIELO"" RESTAURANT/LOUNGE LLC",LLC,FL,176 SW FERNLEAF TRL,PORT SAINT LUCIE,34953,FL,8763 SOUTH FEDERAL HWY,PORT SAINT LUCIE,34952,L21000046710,N,valid,valid
"""CIRCLE OF HOPE"" COALITION",CORPORATION,WA,8836 W GAGE BLVD STE 204A,KENNEWICK,99336,WA,8832 W KLAMATH,KENNEWICK,99336,602407410,N,valid,valid
"""CIRCLE OF LIFE COACHING & CONSULTING"",LLC",LLC,FL,2315 CABORN ST,ORLANDO,32839,FL,2315 CABORN ST,ORLANDO,32839,L17000067924,N,valid,valid
"""CISZEK LLC""",LLC,CT,,,,CT,53 BEL AIRE DR,PLAINVILLE,06062,1051941,N,missing,valid
"""CITY BLOCK INC."" LTD",CORPORATION,OH,,,,,,LAKEWOOD,,LL4801,N,missing,missing
"""CITY ELECTRIC COMPANY""",CORPORATION,PA,,,,PA,714 FRANCIS AVE,CONNELLSVILLE,,880867,,missing,missing
"""CITY GATE CHURCH-HILLSBORO""",NONPROFIT,OR,,,,OR,CITY GATE CHURCH-HILLSBORO 765 NE DARNIELLE DR,HILLSBORO,97124,3912615,N,missing,valid
"""CLARION COUNTY PRISON MINISTRY, INC.""",NONPROFIT,PA,,,,,,,,884898,,missing,missing
"""CLARK'S M & M CAFE""",CORPORATION,IN,5645 N 450 E,LEESBURG,46538,IN,2407 N RAINBOW DR,WARSAW,46580,194152-032,N,valid,valid
"""CLASS A"" TRANSPORT, INC.",CORPORATION,NY,70 S BAYLES AVE,PORT WASHINGTON,11050,NY,70 SOUTH BAYLES AVE,PORT WASHINGTON,11050,2894816,N,valid,valid
"""CLASS ACTS""",CORPORATION,PA,412 SPRINGWOOD DR,VERONA,,,412 SPRINGWOOD DR,VERONA,,7292825,,missing,missing
"""CLASSIC COOKIE.COM"", INC.",CORPORATION,FL,29 SAINT THOMAS CT,MIRAMAR BEACH,32550,TN,1830 JACK DELOZIER DR,SEVIERVILLE,37876,P00000013925,N,valid,valid
"""CLASSIC TOOL, INC.""",CORPORATION,OH,,,,OH,,TWINSBURG,,823098,N,missing,missing
"""CLEAN 4 SURE"" LLC",LLC,FL,1638 WACKER AVE SE,PALM BAY,32909,FL,1638 WACKER AVE SE,PALM BAY,32909,L20000366441,N,valid,valid
"""CLEAN CUT LAWN CARE LLC""",LLC,IN,515 W HIGHLAND AVE,MARION,46952,IN,515 W HIGHLAND AVE,MARION,46952,202003041378334,N,valid,valid
"""CLEANING BY ANGEL"", ""LLC""",LLC,FL,4006 78TH DR EAST,SARASOTA,34243,FL,4006 78TH DR EAST,SARASOTA,34243,L20000054675,N,valid,valid
"""CLEANING DIVA"" LLC",CORPORATION,OH,,,,,,NEW PHILADELPHIA,,2231969,N,missing,missing
"""CLEARVIEW CAPITAL, INC.""",CORPORATION,FL,6522 GUNN HWY,TAMPA,33625,FL,6522 GUNN HWY,TAMPA,33625,P17000035207,N,valid,valid
"""CLEARVUE BOX""",CORPORATION,IN,237 W HARVEST LN,CRAWFORDSVILLE,47933,IN,10099 S US HWY 231,LADOGA,47954,1991110505,N,valid,valid
"""CLEV"" LIVE WIRE CORP",CORPORATION,OH,,,,OH,,BEDFORD HEIGHTS,,4004663,N,missing,missing
"""CLIFTON CHATTER""",DBA,OH,,,,,,CANAL FULTON,,2102754,N,missing,missing
"""CLINT'S LLC.""",LLC,CO,130 SKI HL RD STE 240,BRECKENRIDGE,80424,CO,131 S MAIN ST,BRECKENRIDGE,80424,20011133111,N,valid,valid
"""CLINTON MINI MART""",CORPORATION,IN,453 S MAIN ST,CLINTON,47842,IN,1555 FT HARRISION RD,TERREHAUTE,47804,2011042500646,N,valid,valid
"""COASTAL COMPLETE REMODELING"",""LLC""",LLC,FL,21131 S LAKEVIEW DR,PANAMA CITY BEACH,32413,FL,21131 S LAKEVIEW DR,PANAMA CITY BEACH,32413,L18000228117,N,valid,valid
"""CODE:SMILE""",NONPROFIT,MO,120 S CENTRAL AVE STE 700,SAINT LOUIS,63105,,,,,N00999980,,valid,missing
"""COLLEY SHROYER & ABRAHAM CO., LPA.""",CORPORATION,OH,,,,OH,,COLUMBUS,,566654,N,missing,missing
"""COLLINHOOD""",DBA,OH,,,,,,WHITEHOUSE,,1700698,N,missing,missing
"""COLOR ME TAN""",CORPORATION,PA,2159 WHITE ST STE 17,YORK,,PA,DELCO PLZ 1201 DELCO PLZ,YORK,,877312,,missing,missing
"""COLORADO PROPERTIES""",CORPORATION,CO,PO BOX 271684,LITTLETON,80127,CO,6448 S ALKIRE ST,LITTLETON,80127,20061277288,N,valid,valid
"""COME AS YOU ARE"" MISSIONARY BAPTIST CHURCH, INC.",NONPROFIT,IN,7910 S ANTHONY BLVD,FORT WAYNE,46816,IN,7910 S ANTHONY BLVD,FORT WAYNE,46816,1991040529,N,valid,valid
"""COMMUNITY STORAGE AND PROPERTIES, LTD.""",CORPORATION,OH,,,,,,MARBLEHEAD,,1186302,N,missing,missing
"""COMPOSITIONS FOR A DREAM"", LLC",CORPORATION,OH,,,,,,GARFIELD HEIGHTS,,1603678,N,missing,missing
"""COMPX VENTURES, INC",CORPORATION,FL,17888 67TH CT NORTH,LOXAHATCHEE,33470,FL,411 WALNUT ST UNIT PMB 15807,GREEN COVE SPRINGS,32043,P20000018435,N,valid,valid
"""CONFIDENTIAL"" LLC",LLC,FL,6310 N NEBRASKA AVE,TAMPA,33604,FL,6310 N NEBRASKA AVE,TAMPA,33604,L14000131450,N,valid,valid
"""CONFIRMATUS LLC.""",LLC,FL,10239 ADDISON WY,SEMINOLE,33772,FL,10239 ADDISON WY,SEMINOLE,33772,L19000251303,N,valid,valid
"""CONNERSVILLE JAYCEES"" OF CONNERSVILLE INDIANA, INC.",NONPROFIT,IN,722 GRAND AVE,CONNERSVILLE,47331,IN,722 N GRAND,CONNERSVILLE,47331,197112-283,N,valid,valid
"""CONSTELLATION ENERGY CONTROL AND DISPATCH, LLC""",LLC,,,,,,,DAYTON,,1481277,N,missing,missing
"""CONSTELLATION ENERGY CONTROL AND DISPATCH, LLC""",LLC,MO,12747 OLIVE BLVD #300,SAINT LOUIS,63141,,,,,FL0055046,,valid,missing
"""COOKEAZE"" CORP",CORPORATION,NY,1887 MAIN ST STORE #4,MOHEGAN LAKE,10547,,,,,4648420,N,valid,missing
"""COOL BUS FLEET"" LLC.",CORPORATION,OH,,,,,,MAPLE HEIGHTS,,2257578,N,missing,missing
"""COOPER'S STEEL FABRICATORS, INC.""",CORPORATION,ND,,,,,,,,0000127519,,missing,missing
"""CORE PILATES, LLC""",CORPORATION,OH,,,,,,PIKETON,,1628413,N,missing,missing
"""CORPORACION ESCO LLC.""",LLC,FL,3411 SW 24 TER,MIAMI,33145,FL,3411 SW 24 TER #2,MIAMI,33145,L18000278923,N,valid,valid
"""CORPORATE ANOINTING"" MINISTRIES",NONPROFIT,OH,,,,OH,,FREMONT,,1142881,N,missing,missing
"""COUNTRY"" CLUB, INC.",NONPROFIT,NY,PO BOX 512,DOWNSVILLE,13755,,,,,2973351,N,valid,missing
"""COVER ME"" CHAIR COVERS AND DECOR",DBA,OH,,,,,,SUNBURY,,4294510,N,missing,missing
"""COVER ME"" CHAIR COVERS AND DECOR, LLC",CORPORATION,OH,,,,,,COLUMBUS,,4294528,N,missing,missing
"""COYOTE"" MEXICAN RESTAURANT LLC.",CORPORATION,OH,,,,,,MAPLE HEIGHTS,,1885043,N,missing,missing
"""COZY COFFEE CAFE SIESTA LLC""",LLC,FL,313 LOOKOUT PT DR,OSPREY,34229,FL,153 AVENIDA MESSINA,SARASOTA,34242,L09000106137,N,valid,valid
"""COZZOLINO AEROSPORTS II LLC",LLC,IN,"10425 COMMERCE DRIVE, STE 110",CARMEL,46032,IN,4444 DECATUR BLVD STE 600,INDIANAPOLIS,46241,2011091300468,N,valid,valid
"""CRANE CREEK INN"", LLC",LLC,FL,160 SKYLARK AVE,MERRITT ISLAND,32953,FL,160 SKYLARK AVE,MERRITT ISLAND,32953,L19000030342,N,valid,valid
"""CROWDING OUT: A NEW PATH TO HEALTH AND WELLNESS""",DBA,OH,,,,,,CLAYTON,,2190131,N,missing,missing
"""CROWDSTREET E-COMMERCE PROPERTY FUNDI, LLC- SERIES I, A SERIES OF CROWDSTREET E-COMMERCE PROPERTY FUNDI, LLC",LLC,DE,,,,OR,621 SW MORRISON ST STE 400,PORTLAND,97205,174338195,N,missing,valid
"""CRUISIN"" ON THE RIVERFRONT",DBA,OH,,,,,,CLEVELAND,,RN195573,N,missing,missing
"""CRUNCH TIME URBAN WEAR LLC""",LLC,FL,3635 NANTUCKET IS DR,PORT ORANGE,32129,FL,147 S NOVA RD,DAYTONA BEACH,32114,L20000148068,N,valid,valid
"""CUNE"" COMUNIDAD UNIDA NICARAGUENSE EN EL EXTRANJERO INC.",NONPROFIT,NY,"22-06 VALENTINE AVE, STE E7",BRONX,10457,,,,,1682191,N,valid,missing
"""CURE MOMMY'S BREAST CANCER""",NONPROFIT,NY,154 EAST ZORANNE DR,FARMINGDALE,11735,,,,,2530913,N,valid,missing
"""CURTIS ROTH FARMS, LLC""",LLC,MO,527 EAST MAIN ST,BOONVILLE,65233,,,,,LC0051077,,valid,missing
"""CUSTOM HOUSE"" GENERAL CONSTRUCTION",CORPORATION,PA,3401 OXFORD VLY RD,LEVITTOWN,,,"3401 OXFORD VLY ROAD, APT F4",LEVITTOWN,,3993092,,missing,missing
"""CUSTOM718"" LLC",LLC,NY,795 OCEAN AVE,BROOKLYN,11226,,,,,5315982,N,valid,missing
"""CUTZ AND STYLEZ CREATION"" ""LLC""",LLC,FL,3047 WESTYN CV LN,OCOEE,34761,FL,903 PLYMOUTH AVE,ORLANDO,32805,L21000054906,N,valid,valid
"""D"" AMAZING BEAUTY ""LLC""",LLC,FL,3215 SW 52ND AVE,HOLLYWOOD,33023,FL,3215 SW 52ND AVE 89,HOLLYWOOD,33023,L20000122051,N,valid,valid
"""D"" AND ""J"" HOME INSPECTIONS",CORPORATION,PA,,,,PA,37 MAIN,SAINT BEACH HAVEN,,2745679,,missing,missing
"""D"" ARTS INTERNATIONALE, INC.",CORPORATION,OH,,,,OH,,EUCLID,,1171966,N,missing,missing
"""D"" BEST INC.",CORPORATION,NY,52 MAPLEWOOD BLVD,SUFFERN,10901,NY,52 MAPLEWOOD BLVD,SUFFERN,10901,1428075,N,valid,valid
"""D"" COMPANY BUFFALO CITY GUARD",NONPROFIT,NY,8130 CENTRE LN,EAST AMHERST,14051,,,,,5376101,N,valid,missing
"""D"" CRACKED EGG LLC",LLC,MS,,,,,206 TROY ST,,,1184682,N,missing,missing
"""D"" DISTRIBUTORS, INC.",CORPORATION,PA,128 22ND AVE,ALTOONA,16601,,128 22ND AVE,ALTOONA,,2735299,,valid,missing
"""D"" ELECTRICIAN TECHNICAL SERVICES INC.",CORPORATION,FL,4064 NE 8TH AVE,OAKLAND PARK,33334,FL,4064 NE 8TH AVE,OAKLAND PARK,33334,P01000078627,N,valid,valid
"""D"" ELEGANT UNISEX CORP",CORPORATION,FL,3321 NW 17 AVE,MIAMI,33142,FL,3321 NW 17 AVE,MIAMI,33142,P15000071684,N,valid,valid
"""D"" ICE COMPANY INC.",CORPORATION,NY,915 KNICKERBOCKER AVE,BROOKLYN,11227,NY,915 KNICKERBOCKER AVE,BROOKLYN,11227,1655636,N,valid,valid
"""D"" MAINTENANCE MAN LLC.",LLC,FL,5575 S SEMORAN BLVD,ORLANDO,32822,FL,2056 HEMINGWAY AVE,HAINES CITY,33844,L18000205687,N,valid,valid
"""D"" ORIGINAL A&A RESTAURANT LLC",LLC,NY,120-09 LIBERTY AVE,QUEENS,11419,,,,,3325418,N,valid,missing
"""D"" PURCHASE AND SALE, INC.",CORPORATION,FL,16441 NW 24TH ST,PEMBROKE PINES,33028,FL,16441 NW 24TH ST,PEMBROKE PINES,33028,P00000012602,N,valid,valid
"""D"" STREET TOWNHOMES OWNERS' ASSOCIATION, INC.",NONPROFIT,FL,25 WEST GOVERNMENT ST,PENSACOLA,32502,FL,2101 BARRANCAS AVE,PENSACOLA,32502,N06000010266,N,valid,valid
"""D"" TAILS CATERING",CORPORATION,PA,309 PHILLIPS DR,PITTSBURGH,,,309 PHILLIPS DR,PITTSBURGH,,3991604,,missing,missing
"""D"" TILE AND FLOORING, LLC",LLC,WA,15624 20TH AVE SW,BURIEN,98166,WA,15624 20TH AVE SW,BURIEN,98166,604282303,N,valid,valid
"""D"" YARD (INTERNATIONAL) INC.",NONPROFIT,NY,"50 EAST 19 STREET, E1",BROOKLYN,11226,,,,,3578773,N,valid,missing
"""D'MORFFI FAMILY SERVICES, LLC""",LLC,FL,12777 WEST FRST HL BLVD,WELLINGTON,33414,FL,12777 WEST FRST HL BLVD STE 1501,WELLINGTON,33414,L18000239690,N,valid,valid
"""D-PATRICK FORD LINCOLN""",CORPORATION,IN,200 N GRN RVR RD,EVANSVILLE,47716,IN,"200 N GRN RVR ROAD, PO BOX 5186",EVANSVILLE,47716,198207-764,N,valid,valid
"""D-PATRICK HYUNDAI""",CORPORATION,IN,200 N GRN RVR RD,EVANSVILLE,47716,IN,"200 N GRN RVR ROAD, PO BOX 5186",EVANSVILLE,47716,198207-764,N,valid,valid
"""DABS'' LLC",LLC,MO,8954 WHITSTONE CT,SAINT LOUIS,63136,,,,,LC1806261,,valid,missing
"""DADDY-O'S"" DISCOUNT STEREO, INC.",CORPORATION,FL,10343 ATLANTIC BLVD,JACKSONVILLE,32225,FL,10343 ATLANTIC BLVD,JACKSONVILLE,32225,P96000021413,N,valid,valid
"""DAM"" THAT'S GOOD CAKE! LLC",LLC,NY,81 JERSEY ST #5J,STATEN ISLAND,10301,,,,,5185615,N,valid,missing
"""DANCE 2 FIT"", LLC",LLC,FL,1149 CAMBOURNE DR,KISSIMMEE,34758,FL,1149 CAMBOURNE DR,KISSIMMEE,34758,L20000021835,N,valid,valid
"""DANCE PRODUCTIONS"" LLC.",LLC,CT,,,,CT,24 RED BLF RD,EAST HAVEN,06513,788711,N,missing,valid
"""DANGER BROTHERS MUSIC SO GOOD ITS DANGEROUS""",DBA,OH,,,,,,GRAFTON,,2306137,N,missing,missing
"""DAVE & MICHELLE ENTERPRISES, LTD.""",CORPORATION,OH,,,,,,COLUMBUS,,930882,N,missing,missing
"""DAVIDSON'S JEWELERS INC.""",CORPORATION,OH,,,,OH,,LEBANON,,252158,N,missing,missing
"""DAVIS AVIATION - AERIAL INFRARED""",DBA,OH,,,,,,EASTLAKE,,FN73359,N,missing,missing
"""DAVIS CONSUMER LAW FIRM-WORKING FOR THE PEOPLE""",CORPORATION,PA,14 MTN ASH LN,HORSHAM,,,14 MTN ASH LN,HORSHAM,,4232496,,missing,missing
"""DAWG GONE"" HOME REPAIR AND IMPROVEMENT",LLC,CO,920 S CASCADE AVE,COLORADO SPRINGS,80903,CO,920 S CASCADE AVE,COLORADO SPRINGS,80903,20131033378,N,valid,valid
"""DAWG'S-ON-WHEELS"" LLC",CORPORATION,OH,,,,,,CHARM,,1787545,N,missing,missing
"""DAYLIGHT"" SAVING MINISTRIES",NONPROFIT,CT,,,,,,,,805550,N,missing,missing
"""DE-WOO"" VENTURES, INC.",CORPORATION,WA,3982 BADGER POCKET RD,ELLENSBURG,98926,WA,3982 BADGER POCKET RD,ELLENSBURG,98926,603499955,N,valid,valid
"""DECKS ""R"" US"" LLC",LLC,MO,4368 NW 82ND ST,KANSAS CITY,64151,,,,,LC0655506,,valid,missing
"""DECORATE BY YOU"","" LLC""",LLC,FL,14779 EAGLES XING DR,ORLANDO,32837,FL,14779 EAGLES XING DR,ORLANDO,32837,L20000289947,N,valid,valid
"""DEE"" LICIOUS SEAFOOD LLC",LLC,FL,3003 NE 17TH TER,GAINESVILLE,32609,FL,3003 NE 17TH TER,GAINESVILLE,32609,L20000253865,N,valid,valid
"""DEEB ELDER LAW, P.A.""",CORPORATION,FL,"6675 13TH AVE N, #2C",SAINT PETERSBURG,33710,FL,6675 13TH AVE N STE 2C,SAINT PETERSBURG,33710,P94000042678,N,valid,valid
"""DEEP CLEAN ARMY"" RESIDENTIAL CLEANING SERVICE",CORPORATION,PA,209 WALNUT ST,LEBANON,,,209 WALNUT ST,LEBANON,,7279589,,missing,missing
"""DEIN"" PERSONAL STYLE, LLC",LLC,NY,"124 HUDSON ST, 6-A",NEW YORK,10013,,,,,3152405,N,valid,missing
"""DELICIOUS CURVES"" BOUTIQUE LLC.",LLC,AL,,,,,,,,639-285,N,missing,missing
"""DELTALUBE"" CORP",CORPORATION,NY,"1855 EAST 12TH ST, APT 7B",BROOKLYN,11229,NY,1860 EAST 12TH ST #C9,BROOKLYN,11229,3634498,N,valid,valid
"""DEMI"" STYLES & BOUTIQUE BY K LLC",LLC,MO,39 BLADES DR,MALDEN,63863,,,,,LC1770242,,valid,missing
"""DENA'S"" SCHOOL OF THE ARTS, LTD.",CORPORATION,NY,32-27 112TH ST,EAST ELMHURST,11369,,,,,1594178,N,valid,missing
"""DENTISTRY4YOU"" AESTHETIC DENTISTRY AND SPECIALTY CENTER, LLC",LLC,FL,15562 SW 15 TER,MIAMI,33194,FL,14012 SW 8TH ST,MIAMI,33184,L17000135079,N,valid,valid
"""DESODEVELOPMENT"" LLC",LLC,FL,2326 LIBERTY ST,HOLLYWOOD,33020,FL,2326 LIBERTY ST APT N,HOLLYWOOD,33020,L21000173107,N,valid,valid
"""DESTINY"" THE ONE BODY MOVEMENT, INC",NONPROFIT,NY,"C/O PATRICIA MARSHALL-WELLS 585 BLAKE AVE, STE 1B",BROOKLYN,11207,,,,,3563725,N,valid,missing
"""DETAILS HOME & PROPERTY MANAGEMENT, INC.""",CORPORATION,MT,,,59901,MT,1507 FIRST AVE W,KALISPELL,59901,D196760,N,valid,valid
"""DETAILS""",CORPORATION,PA,,,,PA,15 S 7TH ST,INDIANA,,916449,,missing,missing
"""DETAILS"" SALON",CORPORATION,PA,,,,PA,730 W GRAND AVE BOX 8,TOWER CITY,,2715248,,missing,missing
"""DEVGO, LLC""",LLC,FL,17001 ALICO COMMERCE CTR,FORT MYERS,33967,FL,17001 ALICO COMMERCE CTR #104,FORT MYERS,33967,L21000266226,N,valid,valid
"""DEX'S"" DUVAL CLEANING SERVICES, LLC",LLC,FL,4901 VERMONT RD,JACKSONVILLE,32209,FL,4901 VERMONT RD,JACKSONVILLE,32209,L20000164065,N,valid,valid
"""DGLOVE INC.""",NONPROFIT,FL,7317 PONDEROSA DR,TAMPA,33637,FL,7317 PONDEROSA DR,TAMPA,33637,N13000011231,N,valid,valid
"""DI-ELECTRIC COMPANY""",CORPORATION,OH,,,,OH,,NEW PHILADELPHIA,,312460,N,missing,missing
"""DIAL 4E"" COMMUNICATION SERVICES LLC",LLC,NY,7-05 119TH ST,COLLEGE POINT,11356,,,,,3717571,N,valid,missing
"""DIAZ"" SERVICES LLC",LLC,CO,1201 W THORNTON PKWY LOTE 146 THORNTON PKWY 146,THORNTON,80260,CO,1201 W THORNTON PKWY LOTE 146 THORNTON PKWY 146,THORNTON,80260,20201015479,N,valid,valid
"""DING"" DARLING WILDLIFE SOCIETY LAND, LLC",LLC,FL,1401 NE 11TH TER,CAPE CORAL,33909,FL,ONE WILDLIFE DR,SANIBEL,33957,L14000009045,N,valid,valid
"""DING"" DARLING WILDLIFE SOCIETY, INC.",NONPROFIT,FL,1401 NE 11TH TER,CAPE CORAL,33909,FL,C/O JOANN HINMAN 1 WILDLIFE DR,SANIBEL,33957,765313,N,valid,valid
"""DIRT CHEAP"" LAND RESOURCES,LLC",LLC,FL,3900 SOUTH RD,NORTH FORT MYERS,33917,FL,3900 SOUTH RD,NORTH FORT MYERS,33917,L15000116402,N,valid,valid
"""DIRT"" E DEEDS LLC",LLC,IN,3532 E 400 S,KOKOMO,46902,IN,3532 E 400 S,KOKOMO,46902,2014031200180,N,valid,valid
"""DISCIPLES WALKING FOR JESUS CHRIST OUTREACH MINISTRIES"" INC",NONPROFIT,GA,2210 MARTIN RD,AUGUSTA,30906,GA,2210 MARTIN RD,AUGUSTA,30906,18067853,N,valid,valid
"""DISTRICT ENERGY MIDWEST SUB LLC""",LLC,NY,28 LIBERTY ST,NEW YORK,10005,,,,,4399104,N,valid,missing
"""DIVA"" AT THE BEACH REAL ESTATE INC.",CORPORATION,NY,27 MAPLE LN,EAST HAMPTON,11937,NY,27 MAPLE LN,EAST HAMPTON,11937,3461039,N,valid,valid
"""DIVA""-LICIOUS DESSERTS, LLC",LLC,NY,4578 STONELEDGE LN,MANLIUS,13104,,,,,3523725,N,valid,missing
"""DIY LEGAL PREP""",LLC,IN,5901 E 38TH ST,INDIANAPOLIS,46218,IN,5901 E 38TH ST,INDIANAPOLIS,46218,2011071100179,N,valid,valid
"""DIZZY D'S"", INC.",CORPORATION,WA,501 N WESTERN AVE,WENATCHEE,98801,WA,501 N WESTERN AVE,WENATCHEE,98801,602709816,N,valid,valid
"""DO IT ALL"" TRUCKING LLC",CORPORATION,OH,,,,,,HAMILTON,,2384048,N,missing,missing
"""DO IT RIGHT"" LAWN &TREE SERVICES LLC",LLC,FL,5575 S SEMORAN BLVD,ORLANDO,32822,FL,845 ACAPULCO RD,JACKSONVILLE,32216,L21000087384,N,valid,valid
"""DO ME A FAVOR"" PARTY FAVORS & NOVELITIES LLC",LLC,NY,7014 13TH AVE STE 202,BROOKLYN,11228,,,,,4553320,N,valid,missing
"""DO ME A FAVOR, LLC""",LLC,CT,,,,CT,23 WEST PNE DR,DANBURY,06811,639565,N,missing,valid
"""DO NOT DESPAIR"",COMMUNITY OUTREACH SERVICES & MINISTRIES, INC.",NONPROFIT,FL,4703 JUANITA AVE,FORT PIERCE,34946,FL,4703 JUANITA AVE,FORT PIERCE,34946,N06000003694,N,valid,valid
"""DO UNTO OTHERS"" TRUST INC.",NONPROFIT,FL,2746 SW 11TH ST,MIAMI,33135,FL,2746 SW 11TH ST,MIAMI,33135,N94000004104,N,valid,valid
"""DO YOU HEAR THE CHILDREN SING?"" INC.",NONPROFIT,NY,1033 WAVERLY AVE,BELLPORT,11713,,,,,5679615,N,valid,missing
"""DO"" BOY RESIDENTIAL SERVICES, LLC",LLC,FL,11475 76TH AVE N,SEMINOLE,33776,FL,11475 76TH AVE N,SEMINOLE,33772,L08000077445,N,valid,valid
"""DOC"" DANCER, INC.",CORPORATION,IN,2309 S ANTHONY BLVD,FORT WAYNE,46803,IN,2309 S ANTHONY BLVD,FORT WAYNE,46803,194282-107,N,valid,valid
"""DOC"" FALLOT SCHOLARSHIP FUND, INC.",NONPROFIT,NY,97 MIDDLE LN,EAST HAMPTON,11937,,,,,2614592,N,valid,missing
"""DOGSTER'S"" SPAY & NEUTER PROGRAM",NONPROFIT,CO,10 TOWN PLZ #115,DURANGO,81301,CO,10 TOWN PLZ #115,DURANGO,81301,20041216067,N,valid,valid
"""DOLORES EXPORT & MARKETING INC.""",CORPORATION,FL,10631 N KENDALL DR,MIAMI,33176,FL,14 NE 1ST AVE #401,MIAMI,33132,P02000043778,N,valid,valid
"""DOMI"",""LLC""",LLC,FL,21241 SAN SIMEON WY,NORTH MIAMI BEACH,33179,FL,21241 SAN SIMEON WY MILA APARTMENTS,NORTH MIAMI BEACH,33179,L18000143303,N,valid,valid
"""DON COTTER CONSULTING INC.""",CORPORATION,GA,2568 LAUREL RDG DR,DECATUR,30033,GA,2568 LAUREL RDG DR,DECATUR,30033,0122795,N,valid,valid
"""DON'T DELAY"" HOUSING SOLUTIONS LLC",CORPORATION,OH,,,,,,DIAMOND,,1696130,N,missing,missing
"""DON'T MOVE IMPROVE"" COMMUNITY DEVELOPMENT CORP",NONPROFIT,NY,912 SOUNDVIEW AVE RM 5,BRONX,10473,,,,,2771045,N,valid,missing
"""DON'T TALK IT-LIVE IT ENTERTAINMENT"" LLC",CORPORATION,OH,,,,,,TIFFIN,,1549096,N,missing,missing
"""DONE RIGHT HANDYMAN SERVICES INC.""",CORPORATION,,,,,,,CUYAHOGA FALLS,,1350673,N,missing,missing
"""DONE RIGHT"" ELECTRIC, LLC",CORPORATION,OH,,,,,,CLEVELAND HEIGHTS,,1469820,N,missing,missing
"""DONLEY FAMILY LP II, LLLP""",PARTNERSHIP,FL,2235 CRUMP RD,WINTER HAVEN,33881,FL,2235 CRUMP RD,WINTER HAVEN,33881,A12000000942,N,valid,valid
"""DOTES, LLC""",LLC,WA,16108 ASH WY STE 107,LYNNWOOD,98087,WA,16108 ASH WY STE 107,LYNNWOOD,98087,602082882,N,valid,valid
"""DOUBLE A"" INC.",NONPROFIT,GA,2003 GIN BR RD,ELBERTON,30635,GA,2003 GIN BR RD,ELBERTON,30635,0A02231,N,valid,valid
"""DOUBLE G BEAUTY LLC""",LLC,WV,205 GRN ST,BECKLEY,25801,WV,205 GRN ST,BECKLEY,25801,471150,N,valid,valid
"""DOUBLE X RANCH LP""",PARTNERSHIP,CO,7700 E ARAPAHOE RD STE 220,CENTENNIAL,80112,,,,,20021243196,N,valid,missing
"""DOWN UNDER"" STUMP REMOVAL, LLC",LLC,NY,113 RATHBURN RD,FULTON,13069,,,,,3927741,N,valid,missing
"""DOWNTOWN"" EDDIE BROWN SCHOLARSHIP FUND INC",NONPROFIT,NY,15 AUTUMN CIR,YONKERS,10703,,,,,4735792,N,valid,missing
"""DOYNA, LTD.""",CORPORATION,NY,"278A NEW DORP LANE, STE 1",STATEN ISLAND,10306,,,,,2341702,N,valid,missing
"""DR. SCOTT'S"" PINBALL STORE, INC.",CORPORATION,OH,,,,OH,,MAUMEE,,1492751,N,missing,missing
"""DREAM BIG!"" MEDIA & PRODUCTION COMPANY",NONPROFIT,OH,,,,OH,,CLEVELAND HEIGHTS,,4686183,N,missing,missing
"""DREAM WITH ME"" REALTY, LLC",LLC,CO,257 PARK AVE PO BOX 63,EMPIRE,80438,CO,257 PARK AVE PO BOX 63,EMPIRE,80438,20181214431,N,valid,valid
"""DRM INVESTOR GROUP LTD""",CORPORATION,OH,,,,,,HILLIARD,,968330,N,missing,missing
"""DROP THE L"" INC",CORPORATION,NY,1389 LUDDINGTON RD,EAST MEADOW,11554,,,,,3887335,N,valid,missing
"""DROP THE SHOE"" ANTLER CHEWS, LLC",CORPORATION,OH,,,,,,UNIONTOWN,,2212290,N,missing,missing
"""DUKES"" (OF) PORTLAND ORE.",NONPROFIT,OR,,,,OR,2707 SE 129,PORTLAND,97236,9745399,N,missing,valid
"""DURRDY-RICE"" PERSONAL CHEF SERVICE LLC",LLC,PA,,,,,19 N BROAD ST,LANCASTER,,4320585,,missing,missing
"""DUSTLESS"" WOOD FLOOR FINISHERS, INC.",CORPORATION,NY,12 CAMBRIC CIR,PITTSFORD,14534,,,,,3119651,N,valid,missing
"""DYNAMIC BUILDERS, CORP.",CORPORATION,FL,14922 NW 89TH CT,MIAMI LAKES,33018,FL,14922 NW 89 CT,MIAMI LAKES,33018,P99000001802,N,valid,valid
"""DYNAMIC DESIGN FORMULA, INCORPORATION""",CORPORATION,OH,,,,OH,,CLEVELAND,,978162,N,missing,missing
"""DYNAMICCHANGES LLC""",LLC,OR,,,,OR,864 PROMONTORY PL SE,SALEM,97302,160994092,N,missing,valid
"""E"" ELECTRIC & TELECOM, INC.",CORPORATION,VA,,,,VA,345 MCDONALD RD,WINCHESTER,22602,06626667,N,missing,valid
"""E"" EXPRESS INC.",CORPORATION,OH,,,,OH,,MASSILLON,,1785799,N,missing,missing
"""E"" STREET PUB LLC",LLC,IN,808 LIBERTY AVE,RICHMOND,47374,IN,808 LIBERTY AVE,RICHMOND,47374,2009051900552,N,valid,valid
"""E"" THE SOLUTION ASSOCIATES, LLC",LLC,NY,80 STATE ST,ALBANY,12207,,,,,3354569,N,valid,missing
"""E&R SUPPLIES LOGISTICS"", ""LLC""",LLC,FL,19370 SW 29TH CT,MIRAMAR,33029,FL,19370 SW 29TH CT,MIRAMAR,33029,L21000269951,N,valid,valid
"""E-NEW"" ENTERPRISES LLC",LLC,FL,3004 QUANTUM LK DR,BOYNTON BEACH,33426,FL,3004 QUANTUM LK DR,BOYNTON BEACH,33426,L01000002389,N,valid,valid
"""EAGLE"" U.S. NEUROLOGY, P.C.",CORPORATION,NY,40-12 80TH ST,ELMHURST,11373,,,,,2197513,N,valid,missing
"""EARLY IMPRESSIONS"" LEARNING CENTER",CORPORATION,PA,810 WEST KELLER ST,MECHANICSBURG,,,810 WEST KELLER ST,MECHANICSBURG,,6542656,,missing,missing
"""EARLY SCHOLARS LEARNING ACADEMY"" ""LLC""",LLC,FL,16221 FANTASIA DR,TAMPA,33624,FL,16221 FANTASIA DR,TAMPA,33624,L12000085151,N,valid,valid
"""EASY DOES IT"" CLUB, INC.",NONPROFIT,FL,266 N YONGE ST,ORMOND BEACH,32174,FL,266 N YONGE ST STE A,ORMOND BEACH,32174,N19656,N,valid,valid
"""EASY LIFESTYLE REAL ESTATE INC.""",CORPORATION,NY,741 HEWITT LN,NEW WINDSOR,12553,NY,741 HEWITT LN,NEW WINDSOR,12553,937414,N,valid,valid
"""EDEN- A VEGAN CAFE""",CORPORATION,PA,133 WINDSOR WY,ROARING BROOK TOWNSHIP,,,344 ADAMS AVE,SCRANTON,,3833477,,missing,missing
"""EDISON HIGH SCHOOL""",NONPROFIT,OR,,,,OR,9020 SW BEAVERTON HILLSDALE HWY,PORTLAND,97225,10323814,N,missing,valid
"""EDMONDS FAMILY CARE"" PLLC",LLC,WA,12421 105TH PL NE,KIRKLAND,98034,WA,6101 200TH ST SW 208,LYNNWOOD,98036,602496426,N,valid,valid
"""EE"" EXTERIORS LLC",CORPORATION,OH,,,,,,MASSILLON,,4436925,N,missing,missing
"""EEW NOTARY SERVICES"" ""LLC""",LLC,FL,990 PNE WALK CT NE,PALM BAY,32905,FL,990 PNE WALK CT NE,PALM BAY,32905,L21000033142,N,valid,valid
"""EFFECTS"" A SALON, INC.",CORPORATION,CO,14646 MSN WALK LOOP,PARKER,,CO,250 STEELE ST,DENVER,80206,19951100709,N,missing,valid
"""EIGHTH DAY PROPERTIES, LLC """,LLC,GA,435 ELWOOD NICHOLS RD,JESUP,31545,GA,435 ELWOOD NICHOLS RD,JESUP,31545,16053791,N,valid,valid
"""EL ALBA"" TAQUERIA Y PUPUSERIA, INC.",CORPORATION,FL,18436 HAWTHORNE RD,FORT MYERS,33967,FL,18436 HAWTHORNE RD,FORT MYERS,33967,P21000023796,N,valid,valid
"""EL CARBONERO"" RESTAURANT INC.",CORPORATION,NY,1402 CLAY AVE,BRONX,10456,,,,,2773724,N,valid,missing
"""EL FRENTE SOCIAL CLUB"" INC.",NONPROFIT,NY,1400 OGDEN AVE,BRONX,10452,,,,,1199417,N,valid,missing
"""EL RENUEVO"" AQUAPONICS FOUNDATION, INC",NONPROFIT,NY,2480 FIRST ST,EAST MEADOW,11544,,,,,3858250,N,valid,missing
"""EL SAN JUAN"" CITY ISLAND ON 5TH AVE LLC",LLC,NY,9-20 166TH ST STE 6B,WHITESTONE,11357,,,,,5099948,N,valid,missing
"""EL-CHEAPO""SONS & DAUGHTERS, INC.",CORPORATION,PA,5421 CHESTER AVE,PHILADELPHIA,19143,,5421 CHESTER AVE,PHILADELPHIA,19143,3334086,,valid,missing
"""ELDORADO ASSOCIATES""",CORPORATION,PA,,,,,736 PNE TREE RD,HUMMELSTOWN,,888151,,missing,missing
"""ELITE"" WELDING, INC.",CORPORATION,NY,211 SOUND BCH BLVD,SOUND BEACH,11789,,,,,5346240,N,valid,missing
"""EMERALD COAST VACATION RENTAL SERVICES"", LLC",LLC,FL,2508 CAMRYN'S XING,PANAMA CITY,32405,FL,2508 CAMRYN'S XING,PANAMA CITY,32405,L13000002653,N,valid,valid
"""EML"" CARPENTRY ""LLC""",LLC,FL,1824 SE 4TH AVE,OCALA,34471,FL,1824 SE 4TH AVE,OCALA,34471,L12000032869,N,valid,valid
"""EMPIRE EQUITY, LLC""",CORPORATION,OH,,,,,,CANTON,,1647997,N,missing,missing
"""EMPOWERING SELF CARE AND PAMPERING EXPERIENCE"" (E.S.C.A.P.E.)",DBA,OH,,,,,,AURORA,,1719848,N,missing,missing
"""END TIME MINISTRY FOR ALL"" INC.",NONPROFIT,FL,127 NW 13TH ST,BOCA RATON,33432,FL,22578 SW 66TH AVE,BOCA RATON,33428,N20000007149,N,valid,valid
"""ENDEAVOR CHILDREN'S SERVICES""",CORPORATION,WA,6043 HANSEN SE,OLYMPIA,98513,WA,6043 HANSEN ST SE,OLYMPIA,98513,603155468,N,valid,valid
"""ENDURANCE"" LIFE CENTER INC.",NONPROFIT,AL,,,,,,,,567-811,N,missing,missing
"""ENGINEER ELECTRIC & ELECTRIC CAR CARE"", CORP",CORPORATION,FL,4661 W 8 LN,HIALEAH,33012,FL,4661 W 8 LN,HIALEAH,33012,P12000063065,N,valid,valid
"""ENLIGHTENED SELF INTEREST"" A GLAUCOMA EDUCATIONAL CO.",CORPORATION,CT,,,,,,,,900630,N,missing,missing
"""ENTERPRISE HOME REMODELING""",CORPORATION,PA,9906 SANDY RD,PHILADELPHIA,,PA,9812 HARDY RD,PHILADELPHIA,,884248,,missing,missing
"""EPZ"" INC.",CORPORATION,NY,675 WALT WHITMAN RD,MELVILLE,11747,,,,,2795019,N,valid,missing
"""ERA CORP""",CORPORATION,OH,,,,OH,,LORAIN,,288987,N,missing,missing
"""ERUDITE SINGLES"" EXCHANGE",CORPORATION,PA,,,,PA,158 RENNARD ST,PHILADELPHIA,,2718659,,missing,missing
"""ES LA HORA"" MINISTRIES, INC.",NONPROFIT,FL,943 HILLTOP PARK CT,APOPKA,32703,FL,201 SOUTH PARK AVENU,APOPKA,32703,N19000007228,N,valid,valid
"""ESCAPE"", M.S.D.J.C.,INC",NONPROFIT,FL,7034 WESTCOTT DR,PORT RICHEY,34668,FL,11015 HASSLE AVE,PORT RICHEY,34668,N20000010958,N,valid,valid
"""ESSENTIAL LASER BOUTIQUE"" INC",CORPORATION,NY,1661 SHEEPSHEAD BAY RD,BROOKLYN,11235,NY,1661 SHEEPSHEAD BAY RD,BROOKLYN,11235,4774835,N,valid,valid
"""ESTATE OF LOUIS D. PILLOW HOLDING GROUP"" LLC",CORPORATION,OH,,,,,,ZANESVILLE,,1932109,N,missing,missing
"""ETB"" ENDTIMEBLESSING LLC",LLC,PA,,,,,611 SPG VLY RD,QUARRYVILLE,,3971692,,missing,missing
"""EVENT-1"" INVESTMENTS,LLC",LLC,GA,5739 ATTADALE BND SW,POWDER SPRINGS,30127,GA,5739 ATTADALE BND SW,POWDER SPRINGS,30127,17079631,N,valid,valid
"""EVENTS BY CINDY"", LLC",LLC,FL,740 WHITE PNE AVE,ROCKLEDGE,32955,FL,740 WHITE PNE AVE,ROCKLEDGE,32955,L16000120618,N,valid,valid
"""EVERGREEN SETTLEMENTS""",CORPORATION,PA,,,,,,,,2099892,,missing,missing
"""EVERYTHING SHINES, CLEANING SERVICE'S,"" ""LLC.""",LLC,FL,1036 ASHTON CV TER,JACKSONVILLE,32218,FL,1036 ASHTON CV TER,JACKSONVILLE,32218,L12000080097,N,valid,valid
"""EVERYTHINGDENIM"", LLC",CORPORATION,OH,,,,,,DELAWARE,,4542260,N,missing,missing
"""EXCELLENT COMPUTING DISTRIBUTORS, INC.""",CORPORATION,FL,7620 NW 25 ST,MIAMI,33122,FL,7620 NW 25 ST,MIAMI,33122,P96000014731,N,valid,valid
"""EXPRESS CLEANERS""",CORPORATION,PA,,,,PA,4100 LIBRARY RD STE 202,PITTSBURGH,,896786,,missing,missing
"""EXPRESS YOURSELF"" OUTREACH, INC.",NONPROFIT,NY,193 SOUTH BROADWAY,YONKERS,10701,,,,,2361384,N,valid,missing
"""F & B SEAFOOD LLC""",LLC,FL,917 SWEETBRIAR RD,ORLANDO,32806,FL,917 SWEETBRIAR RD,ORLANDO,32806,L16000191572,N,valid,valid
"""F"" FOOD CORP.",CORPORATION,NY,134 WEST HLS RD,OFFICER,11787,NY,134 WEST HLS RD,HUNTINGTON STATION,11746,1219592,N,valid,valid
"""F"" PLANET GROUP, INC.",NONPROFIT,NY,721 WHITE PLNS RD STE 1G,BRONX,10473,,,,,4303038,N,valid,missing
"""F. S."" FOOD CORP.",CORPORATION,NY,134 WEST HLS RD,OFFICER,11787,NY,134 WEST HLS RD,HUNTINGTON STATION,11746,1219590,N,valid,valid
"""F.J.S. ENTERPRISES""",CORPORATION,PA,,,,PA,"RD #2, BOX 272A",TARRS,,910889,,missing,missing
"""F.U.T.U.R.E."" VIEWS, INC.",NONPROFIT,NY,115 TIOGA ST,STATEN ISLAND,10301,,,,,1669417,N,valid,missing
"""FAITH"" MISSIONARY BAPTIST CHURCH",NONPROFIT,AL,,MONTGOMERY,,,,,,076-685,N,missing,missing
"""FAITH, LOVE AND TRUTH MINISTRIES""",NONPROFIT,OH,,,,OH,,COLUMBUS,,1452067,N,missing,missing
"""FAMILY F1RST LLC""",CORPORATION,OH,,,,,,AVON LAKE,,4337595,N,missing,missing
"""FAMOUS MOBILE CAR WASH,PRESSURE CLEANING & LAWN SERVICES"",LLC",LLC,FL,8255 NW 22ND AVE,MIAMI,33147,FL,8255 NW 22ND AVE,MIAMI,33147,L16000121204,N,valid,valid
"""FANCY POCKETS OF FAITH""",SOLE PROPRIETORSHIP,WV,,,,,,,,,,missing,missing
"""FANGS OUT"" AVIATION LLC",LLC,MT,,,59901,MT,38 E WASHINGTON STE C,KALISPELL,59901,C1141286,N,valid,valid
"""FEARFULLY AND WONDEFULLY MADE"", LLC",LLC,VA,,,,VA,7526 CARSONVILLE RD,FRIES,24330,S4426005,N,missing,valid
"""FEEDING OUR OWN""",DBA,OH,,,,,,LEWIS CENTER,,4404665,N,missing,missing
"""FIGHT LIKE A GIRL"" SELF DEFENSE PARTIES",CORPORATION,PA,108 CENTRE LINE AVE,WILLIAMSPORT,,,108 CENTRE LINE AVE,WILLIAMSPORT,,4348560,,missing,missing
"""FINISH LINE YOUTH FOUNDATION""",NONPROFIT,IN,3308 N MITTHOEFFER RD,INDIANAPOLIS,46235,IN,3308 N MITTHOEFFER RD,INDIANAPOLIS,46235,1998101268,N,valid,valid
"""FIRCO"" FAULKNER INVESTMENT REALESTATE COMPANY LLC",CORPORATION,OH,,,,,,CINCINNATI,,1475328,N,missing,missing
"""FIRST CHURCH OF THE OPEN BIBLE""",NONPROFIT,OH,,,,OH,,MANSFIELD,,188494,N,missing,missing
"""FIRST PRESBYTERIAN CHURCH OF COLUMBUS INDIANA""",NONPROFIT,IN,512 SEVENTH ST,COLUMBUS,47201,IN,512 7TH ST,COLUMBUS,47201,194016A124,N,valid,valid
"""FISH ON"" INN - KETCHIKAN, LLC",LLC,AK,10 POWERHOUSE RD S,KETCHIKAN,99901,AK,8219 S TONGASS HWY,KETCHIKAN,99901,94615,N,valid,valid
"""FIT FOR A KING, LLC.""",LLC,GA,"2700 BRASELTON HWY, STE 10-255",DACULA,30019,GA,24 HORSE RANGE PL,CLEVELAND,30159,0539542,N,valid,valid
"""FIVE FORTY-FOUR"" COMPANIES, LLC",LLC,CO,"11035 WEST 64TH AVE UNIT ""E""",ARVADA,80004,CO,1916 DENVER WEST CT 2312,GOLDEN,80401,20161472430,N,valid,valid
"""FLIP'N ASH"" LLC",LLC,GA,612 SEILER AVEE,SAVANNAH,31401,GA,612 SEILER AVE,SAVANNAH,31401,21167077,N,valid,valid
"""FLIPPIN IT"" REAL ESTATE INVESTING LLC",CORPORATION,OH,,,,,,WEST CHESTER,,4303429,N,missing,missing
"""FLORENCE FULLER CHILD DEVELOPMENT CENTERS, INC.""",NONPROFIT,FL,115 NORTH CALHOUN ST STE 4,TALLAHASSEE,32301,FL,200 NE 14TH ST,BOCA RATON,33432,720397,N,valid,valid
"""FLORIDA LIVING"" TREE SERVICE, INC.",CORPORATION,FL,5000 NW 27TH CT STE D,GAINESVILLE,32606,FL,5000 NW 27TH CT STE D,GAINESVILLE,32606,P93000036528,N,valid,valid
"""FLORIDA MAN"" CARPENTRY LLC",LLC,FL,4524 86TH ST CT W,BRADENTON,34210,FL,4524 86TH ST CT W,BRADENTON,34210,L20000201083,N,valid,valid
"""FLOWER RUNNER LLC""",LLC,FL,2688 SW 137 AVE,MIAMI,33175,FL,600 NE 36 TH ST 1805,MIAMI,33137,L11000027244,N,valid,valid
"""FLUSHED"" LLC",LLC,GA,185 CARRIAGE CHASE,FAYETTEVILLE,30214,GA,185 CARRIAGE CHASE,FAYETTEVILLE,30214,21133362,N,valid,valid
"""FOOD FUN IN JACKSONVILLE, FLORIDA."" ""LLC.""",LLC,FL,1320 N BROAD ST,JACKSONVILLE,32202,FL,"1320 N BROAD STREET, 1103",JACKSONVILLE,32202,L20000046038,N,valid,valid
"""FOR A BETTER WORLD PRODUCTIONS."" INC.",CORPORATION,NY,444 EAST 82ND ST #35F,NEW YORK,10028,NY,444 EAST 82ND ST #35F,NEW YORK,10028,1948453,N,valid,valid
"""FOR GOD'S GLORY"" COMMUNITY DANCE MINISTRY, INC.",NONPROFIT,FL,200 78TH AVE NORTH,SAINT PETERSBURG,33702,FL,200 78TH AVE NORTH BLDG #9,SAINT PETERSBURG,33702,N13000009799,N,valid,valid
"""FOR KEEPS""",DBA,OH,,,,,,CLEVELAND,,RN233261,N,missing,missing
"""FOR YOU"" EVENT CONSULTING & CATERING SERVICES, LLC",CORPORATION,OH,,,,,,WILMINGTON,,1693034,N,missing,missing
"""FOR YOU"", INC.",CORPORATION,NY,NO 315 MAIN ST,HUDSON FALLS,12839,,,,,1152669,N,valid,missing
"""FORE"" SEASONS LLC",CORPORATION,OH,,,,,,BEAVERCREEK,,1326257,N,missing,missing
"""FORESEEABLY FIT, LLC""",DBA,OH,,,,,,COLUMBUS,,4078354,N,missing,missing
"""FOREVER YOUNG 24 HOUR CHILDCARE SERVICE""",CORPORATION,PA,1104 KIRKPATRICK AVE APT 1,NORTH BRADDOCK,,,1104 KIRKPATRICK AVE APT 1,NORTH BRADDOCK,,4322927,,missing,missing
"""FOREVER YOUNG"" ""FOREVER YOUNG, LLC""",LLC,CT,,,,CT,293 ROSES ML RD,MILFORD,06460,1125950,N,missing,valid
"""FOUNTAINS BY THE ROCK, LLC""",LLC,MO,6175 NW WHITE OAK DR,PARKVILLE,64152,,,,,LC0709520,,valid,missing
"""FOUR CORNERS WILDLIFE CLUB""",NONPROFIT,ND,,,,,,,,0000021063,,missing,missing
"""FOUR"" MB, LLC",LLC,NY,1403 MILLBURN DR,CONKLIN,13748,,,,,4156519,N,valid,missing
"""FOYERS MAURICE SIXTO"", INC.",NONPROFIT,NY,1662 TROY AVE,BROOKLYN,11234,,,,,2138026,N,valid,missing
"""FRAN-LAB"" LLC",LLC,NY,916 GRANT AVE,PELHAM MANOR,10803,,,,,3729897,N,valid,missing
"""FRATII MINOVICI"" CULTURAL FOUNDATION INC.",NONPROFIT,NY,45 BROADWAY STE 2230,NEW YORK,10006,,,,,3684079,N,valid,missing
"""FREDONIA LAND AND CATTLE CO., LLC.""",LLC,CO,2020 FT LYON CANAL RD,LA JUNTA,81050,CO,2020 FT LYON CANAL RD,LA JUNTA,81050,20041087685,N,valid,valid
"""FREE-MAN"" ENTERPRISES LLC.",LLC,FL,5090 SAINT AMBROSE CHURCH RD,ELKTON,32033,FL,5090 SAINT AMBROSE CHRUCH RD,ELKTON,32033,L13000147912,N,valid,valid
"""FREMONT ESTATES, LTD.""",CORPORATION,OH,,,,,,AKRON,,1201187,N,missing,missing
"""FRENCH CAFE"" - OUTDOOR WEDDINGS, LLC",LLC,FL,1181 SHERBROOK DR,DELTONA LAKE,32725,FL,1181 SHERBROOK DR,DELTONA LAKES,32725,L20000114507,N,valid,valid
"""FRESH COAT"" PAINTING AND HOME DECOR LLC",LLC,FL,"1942 HARDEE, ST",JACKSONVILLE,32209,FL,"1942 HARDEE, ST N/A",JACKSONVILLE,32209,L18000009778,N,valid,valid
"""FRESH START"" CGB (CAN'T GO BACK) INC.",NONPROFIT,FL,11885 BLUE STAR HWY,MOUNT PLEASANT,32352,FL,11885 BLUE STAR HWY,MOUNT PLEASANT,32352,N11000006767,N,valid,valid
"""FRIDA FOR PETS LLC""",LLC,FL,7025 NW 104 CT,MEDLEY,33178,FL,7025 NW 104 CT,MEDLEY,33178,L20000065516,N,valid,valid
"""FRIENDS OF THE ACADEMY OF ENVIRONMENTAL SCIENCE AND TECHNOLOGY, INC.",NONPROFIT,FL,3200 SMT BLVD #21686,WEST PALM BEACH,33416,FL,3200 SMT BLVD #21686,WEST PALM BEACH,33416,N97000004964,N,valid,valid
